marka,gads,tilpums,dzineja_tips,nobraukums,cena,sludinajuma_saite,bilde
Продаётся,,2006.0,nav zināms,1,350,https://www.ss.lv/msg/lv/transport/cars/bmw/118/cbbgik.html,https://i.ss.lv/gallery/7/1324/330925/66184967.th2.jpg
S60,,2009.0,nav zināms,2,,https://www.ss.lv/msg/lv/transport/cars/volvo/s60/bjbkcm.html,https://i.ss.lv/gallery/7/1326/331273/66254501.th2.jpg
Pārdodu,,2009.0,nav zināms,2,271,https://www.ss.lv/msg/lv/transport/cars/bmw/320/bfdejc.html,https://i.ss.lv/gallery/7/1323/330528/66105409.th2.jpg
Pārdodu,,2014.0,nav zināms,2,,https://www.ss.lv/msg/lv/transport/cars/opel/insignia/bpcjpp.html,https://i.ss.lv/gallery/7/1312/327983/65596579.th2.jpg
A/m,,2009.0,nav zināms,2,240,https://www.ss.lv/msg/lv/transport/cars/volkswagen/tiguan/bnxpik.html,https://i.ss.lv/gallery/7/1306/326459/65291738.th2.jpg
Renault,,2006.0,nav zināms,1,266,https://www.ss.lv/msg/lv/transport/cars/renault/scenic/gjhbo.html,https://i.ss.lv/gallery/6/1143/285705/57140969.th2.jpg
Pirkts,,2018.0,nav zināms,1,185,https://www.ss.lv/msg/lv/transport/cars/peugeot/partner/bbclcj.html,https://i.ss.lv/gallery/7/1308/326908/65381580.th2.jpg
Tikko,,2015.0,nav zināms,1,,https://www.ss.lv/msg/lv/transport/cars/renault/trafic/ccngfd.html,https://i.ss.lv/gallery/7/1326/331286/66257167.th2.jpg
Pārdodu,,2008.0,nav zināms,2,262,https://www.ss.lv/msg/lv/transport/cars/volvo/v70/ceflec.html,https://i.ss.lv/gallery/7/1326/331286/66257105.th2.jpg
Пежо,2008,2017.0,nav zināms,1,105,https://www.ss.lv/msg/lv/transport/cars/peugeot/2008/cfnjko.html,https://i.ss.lv/gallery/7/1326/331286/66257115.th2.jpg
No,,2006.0,nav zināms,2,281,https://www.ss.lv/msg/lv/transport/cars/volvo/xc70/cedlpc.html,https://i.ss.lv/gallery/7/1325/331006/66201142.th2.jpg
Tirgojas,,2004.0,nav zināms,2,368,https://www.ss.lv/msg/lv/transport/cars/nissan/primastar/ceiplf.html,https://i.ss.lv/gallery/7/1326/331269/66253733.th2.jpg
Pārdodu,,2005.0,nav zināms,2,410,https://www.ss.lv/msg/lv/transport/cars/volvo/xc90/bedmdj.html,https://i.ss.lv/gallery/7/1217/304159/60831638.th2.jpg
Pārddošanā,,2000.0,nav zināms,6,340,https://www.ss.lv/msg/lv/transport/cars/chevrolet/saburban/homcj.html,https://i.ss.lv/gallery/7/1314/328320/65663932.th2.jpg
BMW,,1995.0,nav zināms,1,227,https://www.ss.lv/msg/lv/transport/cars/bmw/318/empfc.html,https://i.ss.lv/gallery/7/1273/318189/63637652.th2.jpg
BMW,,2002.0,nav zināms,1,214,https://www.ss.lv/msg/lv/transport/cars/bmw/318/hbdmo.html,https://i.ss.lv/gallery/7/1318/329444/65888637.th2.jpg
BMW,,2007.0,nav zināms,3,265,https://www.ss.lv/msg/lv/transport/cars/bmw/325/kjjbn.html,https://i.ss.lv/gallery/7/1281/320091/64018157.th2.jpg
Гольф,,1998.0,nav zināms,1,295,https://www.ss.lv/msg/lv/transport/cars/volkswagen/golf-4/bxgnjd.html,https://i.ss.lv/gallery/7/1310/327307/65461399.th2.jpg
Privātpersona,,2013.0,nav zināms,1,294,https://www.ss.lv/msg/lv/transport/cars/volkswagen/golf-7/cclbef.html,https://i.ss.lv/gallery/7/1315/328517/65703365.th2.jpg
Izcils,,2017.0,nav zināms,2,196,https://www.ss.lv/msg/lv/transport/cars/volvo/v90/cepffp.html,https://i.ss.lv/gallery/7/1315/328727/65745291.th2.jpg
BMW,,2012.0,nav zināms,2,305,https://www.ss.lv/msg/lv/transport/cars/bmw/318/cdpld.html,https://i.ss.lv/gallery/7/1312/327841/65568192.th2.jpg
Plug,,2014.0,nav zināms,2,249,https://www.ss.lv/msg/lv/transport/cars/volvo/v60/ceiphg.html,https://i.ss.lv/gallery/7/1326/331283/66256562.th2.jpg
Pārdodu,,2011.0,nav zināms,3,405,https://www.ss.lv/msg/lv/transport/cars/bmw/325/eodgf.html,https://i.ss.lv/gallery/7/1315/328654/65730653.th2.jpg
Pārdod,,1991.0,nav zināms,2,533,https://www.ss.lv/msg/lv/transport/cars/audi/80/hxmng.html,https://i.ss.lv/gallery/7/1326/331284/66256683.th2.jpg
Pārdodu,,2003.0,nav zināms,2,254,https://www.ss.lv/msg/lv/transport/cars/hyundai/coupe/djmdk.html,https://i.ss.lv/gallery/7/1326/331286/66257043.th2.jpg
Sakarā,,2001.0,nav zināms,1,468,https://www.ss.lv/msg/lv/transport/cars/volkswagen/passat-b5/bbdpop.html,https://i.ss.lv/gallery/7/1326/331285/66256936.th2.jpg
Pārdod,,2017.0,nav zināms,1,81,https://www.ss.lv/msg/lv/transport/cars/toyota/c-hr/ceijho.html,https://i.ss.lv/gallery/7/1326/331285/66256910.th2.jpg
Teicams,,2015.0,nav zināms,2,212,https://www.ss.lv/msg/lv/transport/cars/volvo/s80/bigooi.html,https://i.ss.lv/gallery/7/1320/329918/65983403.th2.jpg
Tikko,,2008.0,nav zināms,1,217,https://www.ss.lv/msg/lv/transport/cars/volvo/s40/giebf.html,https://i.ss.lv/gallery/7/1300/324757/64951370.th2.jpg
Продаю,,2006.0,nav zināms,2,325,https://www.ss.lv/msg/lv/transport/cars/peugeot/407/bfppdi.html,https://i.ss.lv/gallery/7/1323/330651/66130021.th2.jpg
Pilnpiedziņas,,2007.0,nav zināms,3,317,https://www.ss.lv/msg/lv/transport/cars/audi/a6/bnhoh.html,https://i.ss.lv/gallery/7/1299/324608/64921419.th2.jpg
13140(11490,,2020.0,nav zināms,,30,https://www.ss.lv/msg/lv/transport/cars/opel/corsa/gbdeg.html,https://i.ss.lv/gallery/7/1314/328314/65662632.th2.jpg
Komplektā,,2004.0,nav zināms,2,347,https://www.ss.lv/msg/lv/transport/cars/saab/9-5/anlpp.html,https://i.ss.lv/gallery/7/1326/331285/66256845.th2.jpg
13640(11990,,2020.0,nav zināms,,36,https://www.ss.lv/msg/lv/transport/cars/opel/corsa/cnmko.html,https://i.ss.lv/gallery/7/1305/326114/65222734.th2.jpg
Range,,2015.0,nav zināms,3,185,https://www.ss.lv/msg/lv/transport/cars/land-rover/range-rover-sport/cdijck.html,https://i.ss.lv/gallery/7/1326/331278/66255432.th2.jpg
A/m,,2012.0,nav zināms,1,180,https://www.ss.lv/msg/lv/transport/cars/volkswagen/polo/bimgej.html,https://i.ss.lv/gallery/7/1301/325115/65022914.th2.jpg
Jauna,,2005.0,nav zināms,1,428,https://www.ss.lv/msg/lv/transport/cars/volkswagen/sharan/cfgdd.html,https://i.ss.lv/gallery/7/1317/329053/65810530.th2.jpg
A/m,,2014.0,nav zināms,2,212,https://www.ss.lv/msg/lv/transport/cars/opel/zafira/akpfm.html,https://i.ss.lv/gallery/7/1319/329530/65906000.th2.jpg
Хорошее,,2006.0,nav zināms,2,,https://www.ss.lv/msg/lv/transport/cars/honda/cr-v/cebnfg.html,https://i.ss.lv/gallery/7/1321/330017/66003246.th2.jpg
Volvo,,2011.0,nav zināms,2,,https://www.ss.lv/msg/lv/transport/cars/volvo/xc60/cckfbm.html,https://i.ss.lv/gallery/7/1321/330232/66046340.th2.jpg
Pardodu,,2008.0,nav zināms,3,,https://www.ss.lv/msg/lv/transport/cars/bmw/525/bineo.html,https://i.ss.lv/gallery/7/1326/331284/66256700.th2.jpg
Volvo,,2013.0,nav zināms,1,,https://www.ss.lv/msg/lv/transport/cars/volvo/v60/cfkxfg.html,https://i.ss.lv/gallery/7/1296/323805/64760920.th2.jpg
2.0,,2007.0,nav zināms,2,,https://www.ss.lv/msg/lv/transport/cars/honda/civic/gmedd.html,https://i.ss.lv/gallery/7/1325/331249/66249634.th2.jpg
Lexus,,2009.0,nav zināms,3,,https://www.ss.lv/msg/lv/transport/cars/lexus/rx/icmhf.html,https://i.ss.lv/gallery/7/1316/328989/65797732.th2.jpg
Hyundai,,2013.0,nav zināms,2,,https://www.ss.lv/msg/lv/transport/cars/hyundai/santa-fe/blbkoo.html,https://i.ss.lv/gallery/7/1292/322932/64586289.th2.jpg
Audi,,2006.0,nav zināms,2,386,https://www.ss.lv/msg/lv/transport/cars/audi/quattro/ckbhx.html,https://i.ss.lv/gallery/7/1326/331284/66256798.th2.jpg
WV,,2013.0,nav zināms,1,267,https://www.ss.lv/msg/lv/transport/cars/volkswagen/golf-7/cdexfl.html,https://i.ss.lv/gallery/7/1326/331284/66256780.th2.jpg
Bmw,,2012.0,nav zināms,2,,https://www.ss.lv/msg/lv/transport/cars/bmw/x1/cbiikd.html,https://i.ss.lv/gallery/7/1293/323141/64628191.th2.jpg
Audi,,2011.0,nav zināms,3,,https://www.ss.lv/msg/lv/transport/cars/audi/a6/bikbbf.html,https://i.ss.lv/gallery/7/1321/330142/66028344.th2.jpg
Volvo,,2011.0,nav zināms,2,,https://www.ss.lv/msg/lv/transport/cars/volvo/xc70/cdojhn.html,https://i.ss.lv/gallery/7/1321/330058/66011440.th2.jpg
Продаю,,2008.0,nav zināms,1,360,https://www.ss.lv/msg/lv/transport/cars/volkswagen/golf-5/bjljbj.html,https://i.ss.lv/gallery/7/1326/331284/66256772.th2.jpg
Pārdodu,,2006.0,nav zināms,2,,https://www.ss.lv/msg/lv/transport/cars/volvo/s60/biblfd.html,https://i.ss.lv/gallery/7/1318/329428/65885544.th2.jpg
Volvo,,2010.0,nav zināms,1,,https://www.ss.lv/msg/lv/transport/cars/volvo/s40/hmhbj.html,https://i.ss.lv/gallery/7/1320/329791/65958089.th2.jpg
Kia,,2016.0,nav zināms,1,212,https://www.ss.lv/msg/lv/transport/cars/kia/ceed/cefhdh.html,https://i.ss.lv/gallery/7/1326/331284/66256729.th2.jpg
Абсолютно,,2011.0,nav zināms,1,347,https://www.ss.lv/msg/lv/transport/cars/toyota/prius/cxnnje.html,https://i.ss.lv/gallery/7/1326/331284/66256737.th2.jpg
Pārdodu,,2010.0,nav zināms,1,289,https://www.ss.lv/msg/lv/transport/cars/volkswagen/golf-6/bhlpgd.html,https://i.ss.lv/gallery/7/1271/317619/63523627.th2.jpg
Netto,,2007.0,nav zināms,2,243,https://www.ss.lv/msg/lv/transport/cars/nissan/navara/bkific.html,https://i.ss.lv/gallery/7/1316/328894/65778785.th2.jpg
Продаю,,2007.0,nav zināms,3,310,https://www.ss.lv/msg/lv/transport/cars/bmw/635/ahnbh.html,https://i.ss.lv/gallery/7/1317/329134/65826620.th2.jpg
Автомобиль,,2006.0,nav zināms,2,328,https://www.ss.lv/msg/lv/transport/cars/hyundai/santa-fe/bpffgk.html,https://i.ss.lv/gallery/7/1317/329018/65803494.th2.jpg
Pardodas,,2015.0,nav zināms,2,231,https://www.ss.lv/msg/lv/transport/cars/renault/koleos/cbiigk.html,https://i.ss.lv/gallery/7/1324/330853/66170510.th2.jpg
Nesteidzīgi,,2005.0,nav zināms,2,638,https://www.ss.lv/msg/lv/transport/cars/volvo/s80/bijpbf.html,https://i.ss.lv/gallery/7/1326/331284/66256646.th2.jpg
VS,,1993.0,nav zināms,2,226,https://www.ss.lv/msg/lv/transport/cars/audi/cabrio/cfdel.html,https://i.ss.lv/gallery/7/1236/308844/61768732.th2.jpg
В,,1995.0,nav zināms,2,250,https://www.ss.lv/msg/lv/transport/cars/mercedes/e220/bxnnmx.html,https://i.ss.lv/gallery/7/1236/308848/61769546.th2.jpg
BMW,,2014.0,nav zināms,3,288,https://www.ss.lv/msg/lv/transport/cars/bmw/535/cenmgf.html,https://i.ss.lv/gallery/7/1258/314271/62854069.th2.jpg
Оцинкованный,,2004.0,nav zināms,2,234,https://www.ss.lv/msg/lv/transport/cars/renault/scenic/ompkk.html,https://i.ss.lv/gallery/7/1326/331284/66256621.th2.jpg
Всё,,2014.0,nav zināms,2,152,https://www.ss.lv/msg/lv/transport/cars/mitsubishi/outlander/cfcnch.html,https://i.ss.lv/gallery/7/1266/316337/63267330.th2.jpg
Audi,,2007.0,nav zināms,3,380,https://www.ss.lv/msg/lv/transport/cars/audi/q7/ccmpmk.html,https://i.ss.lv/gallery/7/1307/326516/65303104.th2.jpg
159000km,,2012.0,nav zināms,1,159,https://www.ss.lv/msg/lv/transport/cars/toyota/corolla/gcjed.html,https://i.ss.lv/gallery/7/1308/326927/65385286.th2.jpg
Sakarā,,2009.0,nav zināms,3,316,https://www.ss.lv/msg/lv/transport/cars/toyota/hilux/cedifb.html,https://i.ss.lv/gallery/7/1326/331283/66256479.th2.jpg
BMW,,2007.0,nav zināms,2,,https://www.ss.lv/msg/lv/transport/cars/bmw/320/cdldno.html,https://i.ss.lv/gallery/7/1326/331282/66256259.th2.jpg
Volvo,,2005.0,nav zināms,2,415,https://www.ss.lv/msg/lv/transport/cars/volvo/xc70/cdefdm.html,https://i.ss.lv/gallery/7/1326/331282/66256301.th2.jpg
Pārdod,,2006.0,nav zināms,3,319,https://www.ss.lv/msg/lv/transport/cars/audi/q7/bpxenm.html,https://i.ss.lv/gallery/7/1274/318360/63671841.th2.jpg
Mx-30,,2021.0,nav zināms,,39,https://www.ss.lv/msg/lv/transport/cars/mazda/mx/cfmdid.html,https://i.ss.lv/gallery/7/1326/331283/66256449.th2.jpg
Pardodu,,2005.0,nav zināms,1,183,https://www.ss.lv/msg/lv/transport/cars/citroen/c4/bcjlib.html,https://i.ss.lv/gallery/7/1326/331282/66256393.th2.jpg
Pārdod,,2005.0,nav zināms,2,378,https://www.ss.lv/msg/lv/transport/cars/volvo/v70/binkke.html,https://i.ss.lv/gallery/7/1323/330503/66100414.th2.jpg
VW,,2017.0,nav zināms,2,260,https://www.ss.lv/msg/lv/transport/cars/volkswagen/crafter/cbobgc.html,https://i.ss.lv/gallery/7/1320/329820/65963822.th2.jpg
Labs,,1997.0,nav zināms,2,300,https://www.ss.lv/msg/lv/transport/cars/volkswagen/caravelle/bfcmpn.html,https://i.ss.lv/gallery/7/1318/329376/65875041.th2.jpg
Pārdodas,,2010.0,nav zināms,2,236,https://www.ss.lv/msg/lv/transport/cars/opel/insignia/cclnip.html,https://i.ss.lv/gallery/7/1305/326067/65213361.th2.jpg
Labā,,2008.0,nav zināms,2,288,https://www.ss.lv/msg/lv/transport/cars/seat/alhambra/bccdhh.html,https://i.ss.lv/gallery/7/1322/330251/66050126.th2.jpg
Tikko,,2019.0,nav zināms,2,,https://www.ss.lv/msg/lv/transport/cars/audi/q5/cdbcml.html,https://i.ss.lv/gallery/7/1311/327518/65503415.th2.jpg
Pārdošanā,,2013.0,nav zināms,1,117,https://www.ss.lv/msg/lv/transport/cars/ford/fiesta/ccxnke.html,https://i.ss.lv/gallery/7/1326/331282/66256320.th2.jpg
Фирма,,2005.0,nav zināms,2,324,https://www.ss.lv/msg/lv/transport/cars/mercedes/viano/bjjhio.html,https://i.ss.lv/gallery/7/1326/331282/66256285.th2.jpg
BMW,,2010.0,nav zināms,3,276,https://www.ss.lv/msg/lv/transport/cars/bmw/x5/bhpfbo.html,https://i.ss.lv/gallery/7/1309/327031/65406137.th2.jpg
No,,2002.0,nav zināms,1,,https://www.ss.lv/msg/lv/transport/cars/volkswagen/passat-b5/neghk.html,https://i.ss.lv/gallery/7/1326/331281/66256130.th2.jpg
No,,2013.0,nav zināms,2,,https://www.ss.lv/msg/lv/transport/cars/bmw/320/benooe.html,https://i.ss.lv/gallery/7/1325/331187/66237332.th2.jpg
Pārdot,,2009.0,nav zināms,2,329,https://www.ss.lv/msg/lv/transport/cars/renault/laguna/bmjmh.html,https://i.ss.lv/gallery/7/1312/327923/65584470.th2.jpg
BMW,,2015.0,nav zināms,3,219,https://www.ss.lv/msg/lv/transport/cars/bmw/530/cejoko.html,https://i.ss.lv/gallery/7/1254/313457/62691395.th2.jpg
Nissan,,2020.0,nav zināms,1,65,https://www.ss.lv/msg/lv/transport/cars/nissan/juke/bfpkee.html,https://i.ss.lv/gallery/7/1326/331259/66251676.th2.jpg
Volvo,,2016.0,nav zināms,2,280,https://www.ss.lv/msg/lv/transport/cars/volvo/v60/cxnjdn.html,https://i.ss.lv/gallery/7/1326/331280/66255817.th2.jpg
Pārdodu,,2005.0,nav zināms,2,259,https://www.ss.lv/msg/lv/transport/cars/citroen/c8/bedkhj.html,https://i.ss.lv/gallery/7/1326/331282/66256255.th2.jpg
Pārdodu,,2011.0,nav zināms,2,230,https://www.ss.lv/msg/lv/transport/cars/mercedes/c250/bebbgb.html,https://i.ss.lv/gallery/7/1324/330964/66192763.th2.jpg
Pārdodu,,2011.0,nav zināms,3,540,https://www.ss.lv/msg/lv/transport/cars/mercedes/sprinter/bicoko.html,https://i.ss.lv/gallery/7/1317/329220/65843918.th2.jpg
Vw,,2003.0,nav zināms,1,,https://www.ss.lv/msg/lv/transport/cars/volkswagen/passat-b5/ndckp.html,https://i.ss.lv/gallery/7/1324/330882/66176382.th2.jpg
1.9,,2000.0,nav zināms,1,267,https://www.ss.lv/msg/lv/transport/cars/audi/a6/bcxpmb.html,https://i.ss.lv/gallery/7/1326/331281/66256009.th2.jpg
Pārdodu,,2012.0,nav zināms,1,280,https://www.ss.lv/msg/lv/transport/cars/opel/insignia/cexfhb.html,https://i.ss.lv/gallery/7/1321/330048/66009528.th2.jpg
Jauna,,2006.0,nav zināms,3,,https://www.ss.lv/msg/lv/transport/cars/mercedes/ml320/bjhnkc.html,https://i.ss.lv/gallery/7/1324/330836/66167118.th2.jpg
Ta,,2006.0,nav zināms,3,,https://www.ss.lv/msg/lv/transport/cars/mercedes/ml320/fjmic.html,https://i.ss.lv/gallery/7/1322/330267/66053265.th2.jpg
Ta,,2006.0,nav zināms,3,,https://www.ss.lv/msg/lv/transport/cars/bmw/530/cgcip.html,https://i.ss.lv/gallery/7/1325/331236/66247051.th2.jpg
Svaiga,,2006.0,nav zināms,2,,https://www.ss.lv/msg/lv/transport/cars/bmw/320/ceingb.html,https://i.ss.lv/gallery/7/1325/331238/66247439.th2.jpg
Jauna,,2007.0,nav zināms,2,,https://www.ss.lv/msg/lv/transport/cars/bmw/320/ccnfde.html,https://i.ss.lv/gallery/7/1323/330560/66111801.th2.jpg
Leaf,,2019.0,nav zināms,,83,https://www.ss.lv/msg/lv/transport/cars/nissan/leaf/ccejbd.html,https://i.ss.lv/gallery/7/1290/322481/64496199.th2.jpg
"Pārdodam,",,2012.0,nav zināms,4,,https://www.ss.lv/msg/lv/transport/cars/porsche/cayenne/cdhhif.html,https://i.ss.lv/gallery/7/1316/328953/65790433.th2.jpg
BMW,,2007.0,nav zināms,3,344,https://www.ss.lv/msg/lv/transport/cars/bmw/530/ajxpn.html,https://i.ss.lv/gallery/7/1323/330586/66117124.th2.jpg
VW,,2006.0,nav zināms,1,450,https://www.ss.lv/msg/lv/transport/cars/volkswagen/golf-4/bddhfx.html,https://i.ss.lv/gallery/7/1326/331281/66256001.th2.jpg
Citroen,,2021.0,nav zināms,1,115,https://www.ss.lv/msg/lv/transport/cars/citroen/berlingo/cexicf.html,https://i.ss.lv/gallery/7/1320/329862/65972265.th2.jpg
Продаю,,2011.0,nav zināms,2,241,https://www.ss.lv/msg/lv/transport/cars/nissan/qashqai/cdnpjp.html,https://i.ss.lv/gallery/7/1326/331281/66256019.th2.jpg
Pārdod,,2008.0,nav zināms,2,369,https://www.ss.lv/msg/lv/transport/cars/skoda/octavia/cejbji.html,https://i.ss.lv/gallery/7/1326/331281/66256040.th2.jpg
"Automāts,",,2007.0,nav zināms,1,319,https://www.ss.lv/msg/lv/transport/cars/opel/zafira/bjelhi.html,https://i.ss.lv/gallery/7/1301/325236/65047084.th2.jpg
Allroad,,2006.0,nav zināms,3,,https://www.ss.lv/msg/lv/transport/cars/audi/allroad/chong.html,https://i.ss.lv/gallery/7/1263/315577/63115239.th2.jpg
Tikko,,2012.0,nav zināms,2,190,https://www.ss.lv/msg/lv/transport/cars/chevrolet/captiva/cboexj.html,https://i.ss.lv/gallery/7/1305/326152/65230392.th2.jpg
VW,,2008.0,nav zināms,1,,https://www.ss.lv/msg/lv/transport/cars/volkswagen/golf-plus/cddmxf.html,https://i.ss.lv/gallery/7/1320/329972/65994390.th2.jpg
Audi,,2005.0,nav zināms,1,310,https://www.ss.lv/msg/lv/transport/cars/audi/a4/bkkgjb.html,https://i.ss.lv/gallery/7/1322/330464/66092744.th2.jpg
Outback,,2010.0,nav zināms,2,,https://www.ss.lv/msg/lv/transport/cars/subaru/outback/aipib.html,https://i.ss.lv/gallery/7/1320/329968/65993463.th2.jpg
VW,,2014.0,nav zināms,2,,https://www.ss.lv/msg/lv/transport/cars/volkswagen/crafter/bfxcxp.html,https://i.ss.lv/gallery/7/1297/324081/64816114.th2.jpg
Opel,,2009.0,nav zināms,2,,https://www.ss.lv/msg/lv/transport/cars/opel/insignia/bpiplh.html,https://i.ss.lv/gallery/7/1271/317744/63548708.th2.jpg
Audi,,2010.0,nav zināms,2,,https://www.ss.lv/msg/lv/transport/cars/audi/a3/cdchgx.html,https://i.ss.lv/gallery/7/1312/327775/65554966.th2.jpg
Seat,,2008.0,nav zināms,1,,https://www.ss.lv/msg/lv/transport/cars/seat/toledo/bfoxf.html,https://i.ss.lv/gallery/7/1301/325193/65038432.th2.jpg
Pārdod,,2006.0,nav zināms,3,,https://www.ss.lv/msg/lv/transport/cars/bmw/530/ccocge.html,https://i.ss.lv/gallery/7/1320/329969/65993712.th2.jpg
I-Pace,,2019.0,nav zināms,,80,https://www.ss.lv/msg/lv/transport/cars/electric-cars/ccofpx.html,https://i.ss.lv/gallery/7/1319/329567/65913384.th2.jpg
2011,,2011.0,nav zināms,2,347,https://www.ss.lv/msg/lv/transport/cars/bmw/320/bhoeik.html,https://i.ss.lv/gallery/7/1318/329423/65884582.th2.jpg
BMW,,2015.0,nav zināms,3,269,https://www.ss.lv/msg/lv/transport/cars/bmw/530/cejxkk.html,https://i.ss.lv/gallery/7/1305/326088/65217507.th2.jpg
Volvo,,2004.0,nav zināms,2,344,https://www.ss.lv/msg/lv/transport/cars/volvo/s80/bkliem.html,https://i.ss.lv/gallery/7/1322/330276/66055043.th2.jpg
Mitsubishi,,2009.0,nav zināms,1,203,https://www.ss.lv/msg/lv/transport/cars/mitsubishi/colt/dfcdb.html,https://i.ss.lv/gallery/7/1322/330278/66055521.th2.jpg
Pārdod,,2017.0,nav zināms,2,445,https://www.ss.lv/msg/lv/transport/cars/volvo/v90/bomofo.html,https://i.ss.lv/gallery/7/1264/315765/63152863.th2.jpg
Leaf,,2019.0,nav zināms,,70,https://www.ss.lv/msg/lv/transport/cars/nissan/leaf/cdgjjd.html,https://i.ss.lv/gallery/7/1326/331280/66255882.th2.jpg
BMW,,2016.0,nav zināms,2,132,https://www.ss.lv/msg/lv/transport/cars/bmw/330/bkxchp.html,https://i.ss.lv/gallery/7/1247/311694/62338760.th2.jpg
Pārdodu,,2014.0,nav zināms,2,177,https://www.ss.lv/msg/lv/transport/cars/audi/a4/biolgj.html,https://i.ss.lv/gallery/7/1326/331280/66255874.th2.jpg
Toyota,,2023.0,nav zināms,2,5,https://www.ss.lv/msg/lv/transport/cars/toyota/prius/bibjpm.html,https://i.ss.lv/gallery/7/1213/303104/60620646.th2.jpg
2021.,,2021.0,nav zināms,,79,https://www.ss.lv/msg/lv/transport/cars/tesla/model-3/cflpgh.html,https://i.ss.lv/gallery/7/1232/307914/61582743.th2.jpg
Pārdodu,,2012.0,nav zināms,2,222,https://www.ss.lv/msg/lv/transport/cars/land-rover/range-rover-evoque/blkhhj.html,https://i.ss.lv/gallery/7/1268/316887/63377348.th2.jpg
VW,,2005.0,nav zināms,1,322,https://www.ss.lv/msg/lv/transport/cars/volkswagen/touran/cdoeef.html,https://i.ss.lv/gallery/7/1326/331279/66255602.th2.jpg
Individuāls,,2018.0,nav zināms,2,174,https://www.ss.lv/msg/lv/transport/cars/bmw/x1/ceiggo.html,https://i.ss.lv/gallery/7/1326/331275/66254952.th2.jpg
Pārdodu,,2011.0,nav zināms,1,237,https://www.ss.lv/msg/lv/transport/cars/citroen/c5/ibhph.html,https://i.ss.lv/gallery/7/1297/324036/64807098.th2.jpg
Volvo,,2005.0,nav zināms,2,415,https://www.ss.lv/msg/lv/transport/cars/volvo/v70/cefkei.html,https://i.ss.lv/gallery/7/1326/331279/66255686.th2.jpg
Nissan,,2006.0,nav zināms,2,418,https://www.ss.lv/msg/lv/transport/cars/nissan/x-trail/ceffbe.html,https://i.ss.lv/gallery/7/1326/331279/66255664.th2.jpg
Pārdodu,,2008.0,nav zināms,1,308,https://www.ss.lv/msg/lv/transport/cars/seat/leon/bkhij.html,https://i.ss.lv/gallery/7/1320/329972/65994325.th2.jpg
BMW,,2018.0,nav zināms,3,193,https://www.ss.lv/msg/lv/transport/cars/bmw/x6/cefbmo.html,https://i.ss.lv/gallery/7/1326/331277/66255330.th2.jpg
BMW,,2008.0,nav zināms,2,250,https://www.ss.lv/msg/lv/transport/cars/bmw/120/cxxefp.html,https://i.ss.lv/gallery/7/1296/323942/64788308.th2.jpg
Skoda,,2015.0,nav zināms,2,142,https://www.ss.lv/msg/lv/transport/cars/skoda/yeti/bmhbhf.html,https://i.ss.lv/gallery/7/1310/327409/65481727.th2.jpg
Вольво,,2005.0,nav zināms,2,285,https://www.ss.lv/msg/lv/transport/cars/volvo/s60/bgmojj.html,https://i.ss.lv/gallery/7/1304/325894/65178792.th2.jpg
Volvo,,2009.0,nav zināms,2,188,https://www.ss.lv/msg/lv/transport/cars/volvo/xc60/cchjjc.html,https://i.ss.lv/gallery/7/1292/322897/64579357.th2.jpg
Продаю,,2000.0,nav zināms,3,419,https://www.ss.lv/msg/lv/transport/cars/honda/accord/cjkox.html,https://i.ss.lv/gallery/7/1326/331271/66254113.th2.jpg
VW,,2019.0,nav zināms,2,164,https://www.ss.lv/msg/lv/transport/cars/volkswagen/passat-b8/cexomm.html,https://i.ss.lv/gallery/7/1247/311670/62333805.th2.jpg
Ātrās,,2007.0,nav zināms,1,228,https://www.ss.lv/msg/lv/transport/cars/nissan/note/bncmem.html,https://i.ss.lv/gallery/7/1326/331278/66255552.th2.jpg
Saimnieks,,2010.0,nav zināms,2,339,https://www.ss.lv/msg/lv/transport/cars/volkswagen/touran/cddhnn.html,https://i.ss.lv/gallery/7/1316/328899/65779664.th2.jpg
Toyota,,2017.0,nav zināms,2,134,https://www.ss.lv/msg/lv/transport/cars/toyota/proace/cbkgpb.html,https://i.ss.lv/gallery/6/1096/273801/54760042.th2.jpg
Pārdod,,1997.0,nav zināms,1,51,https://www.ss.lv/msg/lv/transport/cars/volkswagen/polo/cfjnih.html,https://i.ss.lv/gallery/7/1295/323504/64700727.th2.jpg
Продаю,,2009.0,nav zināms,2,287,https://www.ss.lv/msg/lv/transport/cars/volkswagen/passat-cc/nhkdl.html,https://i.ss.lv/gallery/7/1260/314922/62984218.th2.jpg
Mercedes-Benz,,2019.0,nav zināms,2,,https://www.ss.lv/msg/lv/transport/cars/mercedes/vito/bjpcig.html,https://i.ss.lv/gallery/7/1318/329405/65880947.th2.jpg
Продаётся,,2015.0,nav zināms,1,61,https://www.ss.lv/msg/lv/transport/cars/volkswagen/tiguan/cdeffe.html,https://i.ss.lv/gallery/7/1326/331278/66255546.th2.jpg
Volkswagen,,2015.0,nav zināms,2,,https://www.ss.lv/msg/lv/transport/cars/volkswagen/multivan/cdbhb.html,https://i.ss.lv/gallery/7/1314/328378/65675469.th2.jpg
Pārdodu,,2008.0,nav zināms,1,297,https://www.ss.lv/msg/lv/transport/cars/volkswagen/golf-plus/cefixg.html,https://i.ss.lv/gallery/7/1326/331278/66255525.th2.jpg
Mazda,,2016.0,nav zināms,2,,https://www.ss.lv/msg/lv/transport/cars/mazda/cx-5/cclghb.html,https://i.ss.lv/gallery/7/1305/326045/65208972.th2.jpg
Opel,,2020.0,nav zināms,1,,https://www.ss.lv/msg/lv/transport/cars/opel/insignia/cbndbh.html,https://i.ss.lv/gallery/7/1304/325843/65168572.th2.jpg
VW,,2010.0,nav zināms,2,,https://www.ss.lv/msg/lv/transport/cars/volkswagen/caravelle/dxclk.html,https://i.ss.lv/gallery/7/1311/327658/65531535.th2.jpg
Toyota,,2009.0,nav zināms,2,260,https://www.ss.lv/msg/lv/transport/cars/toyota/avensis/blfmbn.html,https://i.ss.lv/gallery/7/1271/317603/63520572.th2.jpg
Visi,,1987.0,nav zināms,2,215,https://www.ss.lv/msg/lv/transport/cars/audi/quattro/cihog.html,https://i.ss.lv/gallery/7/1326/331278/66255542.th2.jpg
Mašīna,,2021.0,nav zināms,2,80,https://www.ss.lv/msg/lv/transport/cars/bmw/420/cxolen.html,https://i.ss.lv/gallery/7/1326/331278/66255454.th2.jpg
E60,,2007.0,nav zināms,2,343,https://www.ss.lv/msg/lv/transport/cars/bmw/530/cebjim.html,https://i.ss.lv/gallery/7/1326/331278/66255448.th2.jpg
Продаю,,2007.0,nav zināms,1,185,https://www.ss.lv/msg/lv/transport/cars/opel/corsa/bekpfg.html,https://i.ss.lv/gallery/7/1256/313893/62778583.th2.jpg
Pārdod,,2017.0,nav zināms,1,151,https://www.ss.lv/msg/lv/transport/cars/toyota/corolla/cefkjj.html,https://i.ss.lv/gallery/7/1326/331277/66255400.th2.jpg
Продаю,,2008.0,nav zināms,1,233,https://www.ss.lv/msg/lv/transport/cars/skoda/fabia/bbbbjg.html,https://i.ss.lv/gallery/7/1295/323614/64722720.th2.jpg
Pārdodu,,2008.0,nav zināms,2,334,https://www.ss.lv/msg/lv/transport/cars/opel/vivaro/biblhn.html,https://i.ss.lv/gallery/7/1305/326015/65202996.th2.jpg
530D,,2010.0,nav zināms,3,164,https://www.ss.lv/msg/lv/transport/cars/bmw/530/ceipjk.html,https://i.ss.lv/gallery/7/1326/331251/66250168.th2.jpg
Audi,,2000.0,nav zināms,1,417,https://www.ss.lv/msg/lv/transport/cars/audi/quattro/gghxc.html,https://i.ss.lv/gallery/7/1326/331276/66255141.th2.jpg
Tirgojas,,1985.0,nav zināms,1,155,https://www.ss.lv/msg/lv/transport/cars/mazda/626/dhidc.html,https://i.ss.lv/gallery/7/1278/319252/63850226.th2.jpg
"3.0d/173kw,",,2007.0,nav zināms,3,286,https://www.ss.lv/msg/lv/transport/cars/mercedes/s320/bepojl.html,https://i.ss.lv/gallery/7/1282/320495/64098815.th2.jpg
Продаю,,2008.0,nav zināms,1,232,https://www.ss.lv/msg/lv/transport/cars/renault/clio/ediil.html,https://i.ss.lv/gallery/7/1326/331277/66255376.th2.jpg
Pārdodu,,2005.0,nav zināms,3,280,https://www.ss.lv/msg/lv/transport/cars/mercedes/cls320/cbipgf.html,https://i.ss.lv/gallery/7/1323/330542/66108394.th2.jpg
Mercedes,,2017.0,nav zināms,3,103,https://www.ss.lv/msg/lv/transport/cars/mercedes/s350/cdhxnp.html,https://i.ss.lv/gallery/7/1315/328595/65718982.th2.jpg
Pārdodu,,2002.0,nav zināms,2,590,https://www.ss.lv/msg/lv/transport/cars/volvo/xc70/bkbhhl.html,https://i.ss.lv/gallery/7/1319/329679/65935737.th2.jpg
BMW,,2009.0,nav zināms,2,,https://www.ss.lv/msg/lv/transport/cars/bmw/320/cexojn.html,https://i.ss.lv/gallery/7/1326/331277/66255305.th2.jpg
Pārdodu,,2005.0,nav zināms,1,292,https://www.ss.lv/msg/lv/transport/cars/toyota/corolla/blgjpx.html,https://i.ss.lv/gallery/7/1326/331277/66255208.th2.jpg
Audi,,2008.0,nav zināms,3,,https://www.ss.lv/msg/lv/transport/cars/audi/q7/cdxkjn.html,https://i.ss.lv/gallery/7/1323/330621/66124158.th2.jpg
VW,,2021.0,nav zināms,2,147,https://www.ss.lv/msg/lv/transport/cars/volkswagen/touran/ceopln.html,https://i.ss.lv/gallery/7/1259/314723/62944534.th2.jpg
Pārdošanā,,2004.0,nav zināms,2,356,https://www.ss.lv/msg/lv/transport/cars/mercedes/viano/cdxchk.html,https://i.ss.lv/gallery/7/1326/331277/66255257.th2.jpg
VW,,2012.0,nav zināms,2,250,https://www.ss.lv/msg/lv/transport/cars/volkswagen/tiguan/cdokbc.html,https://i.ss.lv/gallery/7/1275/318717/63743363.th2.jpg
Pārdod,,2006.0,nav zināms,2,358,https://www.ss.lv/msg/lv/transport/cars/renault/master/bhhpdp.html,https://i.ss.lv/gallery/7/1326/331277/66255214.th2.jpg
MB,,2006.0,nav zināms,2,225,https://www.ss.lv/msg/lv/transport/cars/mercedes/b200/cexnep.html,https://i.ss.lv/gallery/7/1325/331064/66212690.th2.jpg
Noñemts,,2001.0,nav zināms,2,361,https://www.ss.lv/msg/lv/transport/cars/bmw/525/bileek.html,https://i.ss.lv/gallery/7/1326/331276/66255149.th2.jpg
BMW,,2013.0,nav zināms,2,,https://www.ss.lv/msg/lv/transport/cars/bmw/316/colgo.html,https://i.ss.lv/gallery/7/1294/323368/64673411.th2.jpg
Pārdod,,2011.0,nav zināms,2,256,https://www.ss.lv/msg/lv/transport/cars/mitsubishi/outlander/mibdh.html,https://i.ss.lv/gallery/7/1321/330001/66000141.th2.jpg
Покупал,,2018.0,nav zināms,1,220,https://www.ss.lv/msg/lv/transport/cars/hyundai/tucson/bcnohh.html,https://i.ss.lv/gallery/7/1321/330005/66000875.th2.jpg
Только,,2011.0,nav zināms,1,256,https://www.ss.lv/msg/lv/transport/cars/renault/scenic/pxxcc.html,https://i.ss.lv/gallery/7/1216/303807/60761370.th2.jpg
Audi,,2011.0,nav zināms,2,,https://www.ss.lv/msg/lv/transport/cars/audi/a4/binfii.html,https://i.ss.lv/gallery/7/1308/326769/65353628.th2.jpg
Toyota,,2023.0,nav zināms,1,,https://www.ss.lv/msg/lv/transport/cars/toyota/corolla/ccnihn.html,https://i.ss.lv/gallery/7/1321/330051/66010090.th2.jpg
BMW,,2014.0,nav zināms,3,,https://www.ss.lv/msg/lv/transport/cars/bmw/x5/bhkglj.html,https://i.ss.lv/gallery/7/1323/330660/66131855.th2.jpg
Mercedes-Benz,,2009.0,nav zināms,2,,https://www.ss.lv/msg/lv/transport/cars/mercedes/e220/blgldk.html,https://i.ss.lv/gallery/7/1325/331247/66249260.th2.jpg
Pārdod,,2019.0,nav zināms,1,102,https://www.ss.lv/msg/lv/transport/cars/kia/proceed/cbpgmi.html,https://i.ss.lv/gallery/7/1326/331275/66254987.th2.jpg
Tikko,,2018.0,nav zināms,1,171,https://www.ss.lv/msg/lv/transport/cars/ford/transit/bifppj.html,https://i.ss.lv/gallery/7/1326/331276/66255028.th2.jpg
Melnā,,2006.0,nav zināms,2,,https://www.ss.lv/msg/lv/transport/cars/volvo/xc70/cdgcip.html,https://i.ss.lv/gallery/7/1326/331275/66254846.th2.jpg
Svaiga,,2010.0,nav zināms,2,,https://www.ss.lv/msg/lv/transport/cars/mazda/mazda5/aolcm.html,https://i.ss.lv/gallery/7/1326/331276/66255002.th2.jpg
BMW,,2012.0,nav zināms,3,,https://www.ss.lv/msg/lv/transport/cars/bmw/530/cecbbl.html,https://i.ss.lv/gallery/7/1326/331271/66254164.th2.jpg
Volvo,,2013.0,nav zināms,2,246,https://www.ss.lv/msg/lv/transport/cars/volvo/v60/cffidi.html,https://i.ss.lv/gallery/7/1296/323866/64773054.th2.jpg
Volvo,,2007.0,nav zināms,2,,https://www.ss.lv/msg/lv/transport/cars/volvo/s80/bjmdog.html,https://i.ss.lv/gallery/7/1326/331273/66254480.th2.jpg
Pārdodam,,2010.0,nav zināms,2,385,https://www.ss.lv/msg/lv/transport/cars/volvo/v70/bglxj.html,https://i.ss.lv/gallery/7/1312/327916/65583028.th2.jpg
Pārdod,,2016.0,nav zināms,3,240,https://www.ss.lv/msg/lv/transport/cars/audi/q7/cdobih.html,https://i.ss.lv/gallery/7/1245/311078/62215511.th2.jpg
Pārdod,,2009.0,nav zināms,2,320,https://www.ss.lv/msg/lv/transport/cars/audi/a4/bjxeio.html,https://i.ss.lv/gallery/7/1326/331275/66254923.th2.jpg
Tiko,,2009.0,nav zināms,3,286,https://www.ss.lv/msg/lv/transport/cars/bmw/525/bkbpxe.html,https://i.ss.lv/gallery/7/1326/331275/66254945.th2.jpg
Tikko,,2019.0,nav zināms,1,159,https://www.ss.lv/msg/lv/transport/cars/volkswagen/tiguan/cdoleo.html,https://i.ss.lv/gallery/7/1321/330042/66008264.th2.jpg
Tikko,,2017.0,nav zināms,2,216,https://www.ss.lv/msg/lv/transport/cars/bmw/520/cdoknm.html,https://i.ss.lv/gallery/7/1321/330044/66008666.th2.jpg
Pārdod,,2006.0,nav zināms,2,380,https://www.ss.lv/msg/lv/transport/cars/audi/a3/cejxgi.html,https://i.ss.lv/gallery/7/1326/331275/66254837.th2.jpg
Tikko,,2018.0,nav zināms,2,190,https://www.ss.lv/msg/lv/transport/cars/audi/a5/ceblpe.html,https://i.ss.lv/gallery/7/1321/330047/66009212.th2.jpg
Tikko,,2017.0,nav zināms,2,171,https://www.ss.lv/msg/lv/transport/cars/bmw/320/cebodk.html,https://i.ss.lv/gallery/7/1321/330049/66009689.th2.jpg
Pārdodu,,2003.0,nav zināms,3,368,https://www.ss.lv/msg/lv/transport/cars/bmw/730/fjnpc.html,https://i.ss.lv/gallery/7/1302/325261/65052145.th2.jpg
Pārdodas,,2017.0,nav zināms,2,160,https://www.ss.lv/msg/lv/transport/cars/volkswagen/tiguan/cbfjjg.html,https://i.ss.lv/gallery/7/1212/302816/60563121.th2.jpg
Pārdodam,,2013.0,nav zināms,1,135,https://www.ss.lv/msg/lv/transport/cars/volvo/s60/bibipj.html,https://i.ss.lv/gallery/7/1312/327917/65583311.th2.jpg
Modelis:,,2007.0,nav zināms,2,410,https://www.ss.lv/msg/lv/transport/cars/renault/master/bbpcbd.html,https://i.ss.lv/gallery/7/1314/328351/65670161.th2.jpg
Holandes,,2011.0,nav zināms,2,207,https://www.ss.lv/msg/lv/transport/cars/renault/master/bihdod.html,https://i.ss.lv/gallery/7/1326/331274/66254754.th2.jpg
Pārdodu,,2000.0,nav zināms,2,320,https://www.ss.lv/msg/lv/transport/cars/volvo/v70/cefbpc.html,https://i.ss.lv/gallery/7/1325/331042/66208363.th2.jpg
Pārdodu,,2003.0,nav zināms,1,312,https://www.ss.lv/msg/lv/transport/cars/volkswagen/passat-b5/bxfdpl.html,https://i.ss.lv/gallery/7/1326/331275/66254804.th2.jpg
Uzņēmums,,2017.0,nav zināms,1,200,https://www.ss.lv/msg/lv/transport/cars/skoda/octavia/cdjxbx.html,https://i.ss.lv/gallery/7/1314/328323/65664410.th2.jpg
Bmw,,2007.0,nav zināms,2,351,https://www.ss.lv/msg/lv/transport/cars/bmw/120/ccjfdm.html,https://i.ss.lv/gallery/7/1326/331274/66254725.th2.jpg
Volvo,,2018.0,nav zināms,2,131,https://www.ss.lv/msg/lv/transport/cars/volvo/v90/cfnjjn.html,https://i.ss.lv/gallery/7/1326/331274/66254684.th2.jpg
Pārdodu,,2010.0,nav zināms,1,108,https://www.ss.lv/msg/lv/transport/cars/opel/agila/aihie.html,https://i.ss.lv/gallery/7/1319/329580/65915890.th2.jpg
Uzņēmums,,2018.0,nav zināms,1,196,https://www.ss.lv/msg/lv/transport/cars/skoda/octavia/cdggmp.html,https://i.ss.lv/gallery/7/1326/331274/66254741.th2.jpg
Pārdodu,,2007.0,nav zināms,2,,https://www.ss.lv/msg/lv/transport/cars/bmw/525/bkjjmg.html,https://i.ss.lv/gallery/7/1326/331274/66254652.th2.jpg
Pārdodas,,2021.0,nav zināms,2,,https://www.ss.lv/msg/lv/transport/cars/opel/insignia/ccffng.html,https://i.ss.lv/gallery/7/1305/326142/65228341.th2.jpg
145kw,,2008.0,nav zināms,3,325,https://www.ss.lv/msg/lv/transport/cars/bmw/525/dihbi.html,https://i.ss.lv/gallery/7/1326/331273/66254496.th2.jpg
Pārdod,,2007.0,nav zināms,1,217,https://www.ss.lv/msg/lv/transport/cars/renault/megane/aafbc.html,https://i.ss.lv/gallery/6/1145/286208/57241450.th2.jpg
Mercedes-Benz,,2023.0,nav zināms,1,8,https://www.ss.lv/msg/lv/transport/cars/mercedes/cla180/ccxdej.html,https://i.ss.lv/gallery/7/1300/324798/64959563.th2.jpg
Pārdodas,,2012.0,nav zināms,1,,https://www.ss.lv/msg/lv/transport/cars/renault/kangoo/pmokh.html,https://i.ss.lv/gallery/7/1326/331273/66254588.th2.jpg
Individuāls,,2008.0,nav zināms,2,249,https://www.ss.lv/msg/lv/transport/cars/seat/altea/bpcjcg.html,https://i.ss.lv/gallery/7/1302/325298/65059528.th2.jpg
Pārdodam,,2005.0,nav zināms,2,265,https://www.ss.lv/msg/lv/transport/cars/bmw/x3/cbfkbd.html,https://i.ss.lv/gallery/7/1304/325778/65155553.th2.jpg
Klienta,,2012.0,nav zināms,1,301,https://www.ss.lv/msg/lv/transport/cars/volkswagen/passat-b7/cchhge.html,https://i.ss.lv/gallery/7/1307/326680/65335913.th2.jpg
Pārdošanā,,2003.0,nav zināms,2,301,https://www.ss.lv/msg/lv/transport/cars/mercedes/c220/blfhi.html,https://i.ss.lv/gallery/7/1318/329262/65852396.th2.jpg
Pārdošanā,,2009.0,nav zināms,2,338,https://www.ss.lv/msg/lv/transport/cars/skoda/octavia/bckemg.html,https://i.ss.lv/gallery/7/1300/324945/64988846.th2.jpg
Pārdodu,,2007.0,nav zināms,2,282,https://www.ss.lv/msg/lv/transport/cars/volvo/xc70/cdixpb.html,https://i.ss.lv/gallery/7/1260/314936/62987087.th2.jpg
Pārdod,,2008.0,nav zināms,1,,https://www.ss.lv/msg/lv/transport/cars/volkswagen/golf-5/bjlpbo.html,https://i.ss.lv/gallery/7/1317/329158/65831459.th2.jpg
Pardod,,2016.0,nav zināms,3,76,https://www.ss.lv/msg/lv/transport/cars/lexus/rx/bnlgln.html,https://i.ss.lv/gallery/7/1326/331272/66254288.th2.jpg
Teicamā,,2008.0,nav zināms,2,294,https://www.ss.lv/msg/lv/transport/cars/mercedes/c220/ddcck.html,https://i.ss.lv/gallery/7/1257/314192/62838355.th2.jpg
Volvo,,2011.0,nav zināms,2,319,https://www.ss.lv/msg/lv/transport/cars/volvo/xc90/cckfhc.html,https://i.ss.lv/gallery/7/1302/325413/65082537.th2.jpg
Volvo,,2021.0,nav zināms,2,129,https://www.ss.lv/msg/lv/transport/cars/volvo/xc60/cxxiom.html,https://i.ss.lv/gallery/7/1314/328308/65661421.th2.jpg
Opel,,2017.0,nav zināms,1,,https://www.ss.lv/msg/lv/transport/cars/opel/mokka/cbceox.html,https://i.ss.lv/gallery/7/1326/331272/66254355.th2.jpg
VW,,1998.0,nav zināms,2,,https://www.ss.lv/msg/lv/transport/cars/volkswagen/transporter/bldknd.html,https://i.ss.lv/gallery/7/1326/331273/66254420.th2.jpg
Opel,,2018.0,nav zināms,2,131,https://www.ss.lv/msg/lv/transport/cars/opel/insignia/bpfpgl.html,https://i.ss.lv/gallery/7/1312/327768/65553583.th2.jpg
Pārdod,,2009.0,nav zināms,3,268,https://www.ss.lv/msg/lv/transport/cars/mitsubishi/pajero/bmghh.html,https://i.ss.lv/gallery/7/1326/331272/66254377.th2.jpg
Toyota,,2012.0,nav zināms,1,213,https://www.ss.lv/msg/lv/transport/cars/toyota/yaris/bgcblk.html,https://i.ss.lv/gallery/7/1322/330366/66073141.th2.jpg
Volvo,,2023.0,nav zināms,2,16,https://www.ss.lv/msg/lv/transport/cars/volvo/xc60/ccfffo.html,https://i.ss.lv/gallery/7/1292/322918/64583462.th2.jpg
VW,,2017.0,nav zināms,2,,https://www.ss.lv/msg/lv/transport/cars/volkswagen/passat-b8/cxpold.html,https://i.ss.lv/gallery/7/1326/331272/66254282.th2.jpg
Toyota,,2008.0,nav zināms,1,151,https://www.ss.lv/msg/lv/transport/cars/toyota/avensis/cefemj.html,https://i.ss.lv/gallery/7/1325/331207/66241223.th2.jpg
BMW,,2012.0,nav zināms,3,196,https://www.ss.lv/msg/lv/transport/cars/bmw/550/bngjbj.html,https://i.ss.lv/gallery/7/1308/326849/65369725.th2.jpg
Volvo,,2018.0,nav zināms,2,103,https://www.ss.lv/msg/lv/transport/cars/volvo/xc60/bpfpnm.html,https://i.ss.lv/gallery/7/1284/320972/64194365.th2.jpg
Jeep,,2012.0,nav zināms,2,189,https://www.ss.lv/msg/lv/transport/cars/jeep/compass/blmokg.html,https://i.ss.lv/gallery/6/1169/292014/58402615.th2.jpg
Volvo,,2020.0,nav zināms,2,120,https://www.ss.lv/msg/lv/transport/cars/volvo/xc-40/cbpfpp.html,https://i.ss.lv/gallery/7/1283/320558/64111411.th2.jpg
Pārdod,,2018.0,nav zināms,1,35,https://www.ss.lv/msg/lv/transport/cars/volkswagen/passat-b8/cxdxei.html,https://i.ss.lv/gallery/7/1326/331270/66253817.th2.jpg
Tikko,,2013.0,nav zināms,3,310,https://www.ss.lv/msg/lv/transport/cars/audi/a6/gobhp.html,https://i.ss.lv/gallery/7/1322/330493/66098513.th2.jpg
Labdien.,,2008.0,nav zināms,3,413,https://www.ss.lv/msg/lv/transport/cars/audi/a6/bijfnm.html,https://i.ss.lv/gallery/7/1326/331272/66254350.th2.jpg
Opel,,2014.0,nav zināms,1,,https://www.ss.lv/msg/lv/transport/cars/opel/meriva/nedin.html,https://i.ss.lv/gallery/7/1326/331272/66254276.th2.jpg
Pārdodu,,2005.0,nav zināms,4,260,https://www.ss.lv/msg/lv/transport/cars/toyota/sequoia/gexlj.html,https://i.ss.lv/gallery/7/1264/315758/63151596.th2.jpg
Volvo,,2018.0,nav zināms,2,177,https://www.ss.lv/msg/lv/transport/cars/volvo/v90/ccxcfl.html,https://i.ss.lv/gallery/7/1286/321340/64267875.th2.jpg
Audi,,2020.0,nav zināms,2,116,https://www.ss.lv/msg/lv/transport/cars/audi/q5/cbogfm.html,https://i.ss.lv/gallery/7/1306/326258/65251501.th2.jpg
Pārdodu,,2001.0,nav zināms,2,,https://www.ss.lv/msg/lv/transport/cars/volvo/s60/bkfgph.html,https://i.ss.lv/gallery/7/1326/331271/66254123.th2.jpg
Новое,,2012.0,nav zināms,2,245,https://www.ss.lv/msg/lv/transport/cars/hyundai/santa-fe/cfjhxb.html,https://i.ss.lv/gallery/7/1292/322784/64556655.th2.jpg
Pilnībā,,2003.0,nav zināms,2,,https://www.ss.lv/msg/lv/transport/cars/mitsubishi/pajero/ekcbo.html,https://i.ss.lv/gallery/7/1318/329378/65875499.th2.jpg
Subaru,,2019.0,nav zināms,3,,https://www.ss.lv/msg/lv/transport/cars/subaru/outback/cebpjh.html,https://i.ss.lv/gallery/7/1326/331272/66254295.th2.jpg
Kia,,2018.0,nav zināms,3,,https://www.ss.lv/msg/lv/transport/cars/kia/stinger/bpmcxb.html,https://i.ss.lv/gallery/7/1290/322330/64465996.th2.jpg
Opel,,2008.0,nav zināms,1,,https://www.ss.lv/msg/lv/transport/cars/opel/zafira/bioddn.html,https://i.ss.lv/gallery/7/1323/330727/66145289.th2.jpg
Audi,,2009.0,nav zināms,3,,https://www.ss.lv/msg/lv/transport/cars/audi/a6/bdbfdl.html,https://i.ss.lv/gallery/7/1323/330701/66140073.th2.jpg
Audi,,2007.0,nav zināms,3,,https://www.ss.lv/msg/lv/transport/cars/audi/a6/bixpdk.html,https://i.ss.lv/gallery/7/1322/330286/66057085.th2.jpg
Volvo,,2021.0,nav zināms,2,64,https://www.ss.lv/msg/lv/transport/cars/volvo/xc90/cfmngl.html,https://i.ss.lv/gallery/7/1318/329399/65879742.th2.jpg
Audi,,2005.0,nav zināms,2,,https://www.ss.lv/msg/lv/transport/cars/audi/a6/biggon.html,https://i.ss.lv/gallery/7/1321/330017/66003361.th2.jpg
Audi,,2009.0,nav zināms,2,,https://www.ss.lv/msg/lv/transport/cars/audi/a6/bkfbno.html,https://i.ss.lv/gallery/7/1318/329281/65856004.th2.jpg
Audi,,2014.0,nav zināms,3,,https://www.ss.lv/msg/lv/transport/cars/audi/a6/bigedm.html,https://i.ss.lv/gallery/7/1310/327435/65486831.th2.jpg
Audi,,2016.0,nav zināms,3,,https://www.ss.lv/msg/lv/transport/cars/audi/a6/ccoel.html,https://i.ss.lv/gallery/7/1306/326350/65269952.th2.jpg
Pārdodu,,2009.0,nav zināms,2,193,https://www.ss.lv/msg/lv/transport/cars/volkswagen/tiguan/ceffmj.html,https://i.ss.lv/gallery/7/1326/331272/66254265.th2.jpg
Audi,,2009.0,nav zināms,3,,https://www.ss.lv/msg/lv/transport/cars/audi/a6/cxbjl.html,https://i.ss.lv/gallery/7/1320/329953/65990596.th2.jpg
VW,,2006.0,nav zināms,1,,https://www.ss.lv/msg/lv/transport/cars/volkswagen/golf-5/bjbnkm.html,https://i.ss.lv/gallery/7/1319/329556/65911077.th2.jpg
Mercedes-Benz,,2007.0,nav zināms,2,,https://www.ss.lv/msg/lv/transport/cars/mercedes/vito/bjoiik.html,https://i.ss.lv/gallery/7/1323/330656/66131112.th2.jpg
Mercedes-Benz,,2007.0,nav zināms,3,,https://www.ss.lv/msg/lv/transport/cars/mercedes/e280/gohhn.html,https://i.ss.lv/gallery/7/1314/328388/65677537.th2.jpg
Volvo,,2023.0,nav zināms,2,21,https://www.ss.lv/msg/lv/transport/cars/volvo/xc90/cfmnhm.html,https://i.ss.lv/gallery/7/1318/329419/65883668.th2.jpg
Продаю,,2009.0,nav zināms,2,336,https://www.ss.lv/msg/lv/transport/cars/bmw/320/fnoeo.html,https://i.ss.lv/gallery/7/1326/331271/66254098.th2.jpg
Мотор,,2001.0,nav zināms,3,,https://www.ss.lv/msg/lv/transport/cars/bmw/530/bemnob.html,https://i.ss.lv/gallery/7/1325/331240/66247998.th2.jpg
"R-Design,",,2010.0,nav zināms,2,,https://www.ss.lv/msg/lv/transport/cars/volvo/xc60/cefgko.html,https://i.ss.lv/gallery/7/1326/331269/66253791.th2.jpg
Citroen,,2017.0,nav zināms,1,104,https://www.ss.lv/msg/lv/transport/cars/citroen/berlingo/cckfle.html,https://i.ss.lv/gallery/7/1326/331272/66254236.th2.jpg
Pārdodu,,2017.0,nav zināms,3,215,https://www.ss.lv/msg/lv/transport/cars/bmw/530/ghxek.html,https://i.ss.lv/gallery/7/1292/322927/64585328.th2.jpg
Pilnākā,,2022.0,nav zināms,1,57,https://www.ss.lv/msg/lv/transport/cars/kia/sportage/cdccij.html,https://i.ss.lv/gallery/7/1314/328324/65664714.th2.jpg
Pardodas,,2006.0,nav zināms,2,378,https://www.ss.lv/msg/lv/transport/cars/volkswagen/passat-b6/bjclbg.html,https://i.ss.lv/gallery/7/1315/328666/65733175.th2.jpg
Nu,,2010.0,nav zināms,2,176,https://www.ss.lv/msg/lv/transport/cars/renault/laguna/abipf.html,https://i.ss.lv/gallery/7/1324/330822/66164324.th2.jpg
BMW,,2013.0,nav zināms,2,299,https://www.ss.lv/msg/lv/transport/cars/bmw/320/dnllc.html,https://i.ss.lv/gallery/7/1296/323857/64771320.th2.jpg
Renault,,2021.0,nav zināms,1,181,https://www.ss.lv/msg/lv/transport/cars/renault/talisman/bpmhcg.html,https://i.ss.lv/gallery/7/1275/318602/63720221.th2.jpg
Volkswagen,,2021.0,nav zināms,2,179,https://www.ss.lv/msg/lv/transport/cars/volkswagen/passat-b8/cxxmkm.html,https://i.ss.lv/gallery/7/1266/316409/63281799.th2.jpg
Volkswagen,,2018.0,nav zināms,2,157,https://www.ss.lv/msg/lv/transport/cars/volkswagen/arteon/cbefbe.html,https://i.ss.lv/gallery/7/1262/315346/63069199.th2.jpg
Tehniski,,2007.0,nav zināms,1,321,https://www.ss.lv/msg/lv/transport/cars/opel/zafira/ebcnj.html,https://i.ss.lv/gallery/7/1326/331271/66254067.th2.jpg
No,,2012.0,nav zināms,2,253,https://www.ss.lv/msg/lv/transport/cars/bmw/118/bklihh.html,https://i.ss.lv/gallery/7/1286/321268/64253452.th2.jpg
Volkswagen,,2019.0,nav zināms,2,200,https://www.ss.lv/msg/lv/transport/cars/volkswagen/touran/cekcfn.html,https://i.ss.lv/gallery/7/1255/313502/62700359.th2.jpg
BMW,,2018.0,nav zināms,2,155,https://www.ss.lv/msg/lv/transport/cars/bmw/525/aaobi.html,https://i.ss.lv/gallery/7/1298/324342/64868256.th2.jpg
Продаю,,2005.0,nav zināms,2,491,https://www.ss.lv/msg/lv/transport/cars/bmw/320/ihlmj.html,https://i.ss.lv/gallery/7/1326/331271/66254037.th2.jpg
Tirgojas,,2004.0,nav zināms,3,397,https://www.ss.lv/msg/lv/transport/cars/bmw/530/cedggi.html,https://i.ss.lv/gallery/7/1324/330768/66153474.th2.jpg
"Ideāls,",,2019.0,nav zināms,1,44,https://www.ss.lv/msg/lv/transport/cars/ford/galaxy/beobhp.html,https://i.ss.lv/gallery/7/1264/315875/63174853.th2.jpg
Seat,,2015.0,nav zināms,1,205,https://www.ss.lv/msg/lv/transport/cars/seat/leon/bomnpi.html,https://i.ss.lv/gallery/7/1298/324487/64897324.th2.jpg
Nissan,,2017.0,nav zināms,1,292,https://www.ss.lv/msg/lv/transport/cars/nissan/x-trail/cdhfhk.html,https://i.ss.lv/gallery/7/1314/328403/65680527.th2.jpg
Audi,,2014.0,nav zināms,2,242,https://www.ss.lv/msg/lv/transport/cars/audi/a6/cfikld.html,https://i.ss.lv/gallery/7/1288/321826/64365097.th2.jpg
Nissan,,2018.0,nav zināms,1,178,https://www.ss.lv/msg/lv/transport/cars/nissan/qashqai/cdhkkj.html,https://i.ss.lv/gallery/7/1315/328676/65735013.th2.jpg
Jaguar,,2018.0,nav zināms,2,93,https://www.ss.lv/msg/lv/transport/cars/jaguar/f-pace/cflmmg.html,https://i.ss.lv/gallery/7/1308/326930/65385975.th2.jpg
Nissan,,2016.0,nav zināms,1,179,https://www.ss.lv/msg/lv/transport/cars/nissan/x-trail/bfdxm.html,https://i.ss.lv/gallery/7/1267/316537/63307209.th2.jpg
Volvo,,2015.0,nav zināms,2,,https://www.ss.lv/msg/lv/transport/cars/volvo/xc60/cebnnh.html,https://i.ss.lv/gallery/7/1323/330694/66138637.th2.jpg
BMW,,2012.0,nav zināms,2,193,https://www.ss.lv/msg/lv/transport/cars/bmw/120/cfjhlg.html,https://i.ss.lv/gallery/7/1292/322852/64570332.th2.jpg
Subaru,,2018.0,nav zināms,2,165,https://www.ss.lv/msg/lv/transport/cars/subaru/outback/bijeen.html,https://i.ss.lv/gallery/7/1318/329300/65859860.th2.jpg
Bmw,,2017.0,nav zināms,1,,https://www.ss.lv/msg/lv/transport/cars/bmw/225/cxbnep.html,https://i.ss.lv/gallery/7/1302/325304/65060672.th2.jpg
Mercedes-Benz,,2019.0,nav zināms,2,55,https://www.ss.lv/msg/lv/transport/cars/mercedes/glc-220/bpkfce.html,https://i.ss.lv/gallery/7/1276/318822/63764378.th2.jpg
Mercedes,,2016.0,nav zināms,3,175,https://www.ss.lv/msg/lv/transport/cars/mercedes/gle-350/cxdkbp.html,https://i.ss.lv/gallery/7/1318/329400/65879943.th2.jpg
Sagatavots,,2007.0,nav zināms,1,250,https://www.ss.lv/msg/lv/transport/cars/renault/kangoo/bxlbkm.html,https://i.ss.lv/gallery/7/1326/331271/66254061.th2.jpg
Mercedes-Benz,,2020.0,nav zināms,3,53,https://www.ss.lv/msg/lv/transport/cars/mercedes/gle-450/cfcjdj.html,https://i.ss.lv/gallery/7/1326/331270/66253939.th2.jpg
Tesla,,2023.0,nav zināms,,24,https://www.ss.lv/msg/lv/transport/cars/tesla/model-y/cfnjje.html,https://i.ss.lv/gallery/7/1326/331269/66253772.th2.jpg
Pārdod,,2012.0,nav zināms,2,302,https://www.ss.lv/msg/lv/transport/cars/ford/s-max/pjelc.html,https://i.ss.lv/gallery/7/1303/325530/65105841.th2.jpg
Tiek,,2011.0,nav zināms,2,,https://www.ss.lv/msg/lv/transport/cars/toyota/avensis/blhgcb.html,https://i.ss.lv/gallery/7/1321/330110/66021825.th2.jpg
Volvo,,2015.0,nav zināms,2,306,https://www.ss.lv/msg/lv/transport/cars/volvo/v60/ccincd.html,https://i.ss.lv/gallery/7/1300/324787/64957258.th2.jpg
BMW,,2018.0,nav zināms,3,108,https://www.ss.lv/msg/lv/transport/cars/bmw/x6/cdijpb.html,https://i.ss.lv/gallery/7/1326/331268/66253445.th2.jpg
Pārdodu,,2008.0,nav zināms,2,280,https://www.ss.lv/msg/lv/transport/cars/volkswagen/multivan/ecbdh.html,https://i.ss.lv/gallery/7/1300/324907/64981247.th2.jpg
Pārdodu,,1998.0,nav zināms,2,370,https://www.ss.lv/msg/lv/transport/cars/bmw/320/ceipbe.html,https://i.ss.lv/gallery/7/1326/331269/66253734.th2.jpg
Klienta,,2021.0,nav zināms,1,67,https://www.ss.lv/msg/lv/transport/cars/volkswagen/t-cross/cbielb.html,https://i.ss.lv/gallery/7/1326/331270/66253886.th2.jpg
Tiek,,2005.0,nav zināms,2,288,https://www.ss.lv/msg/lv/transport/cars/bmw/118/klcpf.html,https://i.ss.lv/gallery/7/1297/324059/64811621.th2.jpg
Pārdodu,,2011.0,nav zināms,1,295,https://www.ss.lv/msg/lv/transport/cars/ford/focus/bleiec.html,https://i.ss.lv/gallery/7/1306/326277/65255298.th2.jpg
Audi,,2005.0,nav zināms,3,,https://www.ss.lv/msg/lv/transport/cars/audi/a6/bixchd.html,https://i.ss.lv/gallery/7/1326/331269/66253666.th2.jpg
Volkswagen,,2019.0,nav zināms,2,279,https://www.ss.lv/msg/lv/transport/cars/volkswagen/crafter/bimjgb.html,https://i.ss.lv/gallery/7/1313/328037/65607210.th2.jpg
Pārdod,,2008.0,nav zināms,2,382,https://www.ss.lv/msg/lv/transport/cars/bmw/x3/cbfpip.html,https://i.ss.lv/gallery/7/1317/329029/65805786.th2.jpg
"4x4,",,1998.0,nav zināms,2,295,https://www.ss.lv/msg/lv/transport/cars/audi/a6/bjgnkp.html,https://i.ss.lv/gallery/7/1326/331267/66253264.th2.jpg
E91.,,2006.0,nav zināms,2,,https://www.ss.lv/msg/lv/transport/cars/bmw/320/ceceof.html,https://i.ss.lv/gallery/7/1321/330177/66035206.th2.jpg
BMW,,2013.0,nav zināms,3,290,https://www.ss.lv/msg/lv/transport/cars/bmw/550/bljxcb.html,https://i.ss.lv/gallery/7/1320/329863/65972523.th2.jpg
Saistībā,,2007.0,nav zināms,2,263,https://www.ss.lv/msg/lv/transport/cars/audi/a3/bcdxix.html,https://i.ss.lv/gallery/7/1326/331268/66253530.th2.jpg
Mitsubishi,,1992.0,nav zināms,2,245,https://www.ss.lv/msg/lv/transport/cars/mitsubishi/eclipse/hdhjg.html,https://i.ss.lv/gallery/6/1110/277350/55469906.th2.jpg
M-Pack,,2010.0,nav zināms,3,410,https://www.ss.lv/msg/lv/transport/cars/bmw/730/bikhcl.html,https://i.ss.lv/gallery/7/1326/331267/66253331.th2.jpg
Škoda,,2021.0,nav zināms,2,131,https://www.ss.lv/msg/lv/transport/cars/skoda/superb/cbocje.html,https://i.ss.lv/gallery/7/1297/324201/64840005.th2.jpg
Volvo,,2011.0,nav zināms,1,232,https://www.ss.lv/msg/lv/transport/cars/volvo/s80/gmgng.html,https://i.ss.lv/gallery/7/1268/316808/63361540.th2.jpg
Peugeot,,2015.0,nav zināms,2,134,https://www.ss.lv/msg/lv/transport/cars/peugeot/508/cfbmii.html,https://i.ss.lv/gallery/7/1264/315966/63193119.th2.jpg
Pārdod,,2015.0,nav zināms,1,261,https://www.ss.lv/msg/lv/transport/cars/ford/focusc-max/bfcipx.html,https://i.ss.lv/gallery/7/1264/315880/63175934.th2.jpg
Pārdodu,,2006.0,nav zināms,2,388,https://www.ss.lv/msg/lv/transport/cars/bmw/520/ceikxn.html,https://i.ss.lv/gallery/7/1324/330963/66192587.th2.jpg
Продаю,,1996.0,nav zināms,2,315,https://www.ss.lv/msg/lv/transport/cars/volkswagen/caravelle/hgxmf.html,https://i.ss.lv/gallery/7/1326/331267/66253311.th2.jpg
Pārdodu,,2016.0,nav zināms,1,167,https://www.ss.lv/msg/lv/transport/cars/mercedes/c180/bjlnml.html,https://i.ss.lv/gallery/7/1326/331269/66253646.th2.jpg
Ford,,2017.0,nav zināms,1,135,https://www.ss.lv/msg/lv/transport/cars/ford/ecosport/cxffnk.html,https://i.ss.lv/gallery/7/1275/318649/63729700.th2.jpg
BMW,,2007.0,nav zināms,2,312,https://www.ss.lv/msg/lv/transport/cars/bmw/320/benmhp.html,https://i.ss.lv/gallery/7/1322/330472/66094266.th2.jpg
Volkswagen,,2018.0,nav zināms,2,104,https://www.ss.lv/msg/lv/transport/cars/volkswagen/arteon/cxbjxh.html,https://i.ss.lv/gallery/7/1289/322105/64420805.th2.jpg
Pārdodu,,2002.0,nav zināms,2,342,https://www.ss.lv/msg/lv/transport/cars/volkswagen/t4/pjeek.html,https://i.ss.lv/gallery/7/1326/331268/66253522.th2.jpg
Lietots,,2015.0,nav zināms,1,271,https://www.ss.lv/msg/lv/transport/cars/citroen/c4picasso/cxdhxd.html,https://i.ss.lv/gallery/7/1295/323550/64709864.th2.jpg
Pārdod,,2009.0,nav zināms,3,234,https://www.ss.lv/msg/lv/transport/cars/bmw/730/ecjpx.html,https://i.ss.lv/gallery/7/1306/326321/65264090.th2.jpg
Auto,,2012.0,nav zināms,1,180,https://www.ss.lv/msg/lv/transport/cars/opel/astra/bkoofd.html,https://i.ss.lv/gallery/7/1315/328568/65713418.th2.jpg
Pārdodu,,2013.0,nav zināms,1,203,https://www.ss.lv/msg/lv/transport/cars/seat/leon/cxxgpn.html,https://i.ss.lv/gallery/7/1309/327016/65403119.th2.jpg
Pārdodu,,2012.0,nav zināms,1,390,https://www.ss.lv/msg/lv/transport/cars/opel/astra/begflm.html,https://i.ss.lv/gallery/7/1326/331253/66250412.th2.jpg
Pardošana,,2009.0,nav zināms,2,,https://www.ss.lv/msg/lv/transport/cars/renault/master/bifile.html,https://i.ss.lv/gallery/7/1321/330042/66008256.th2.jpg
Auto,,2015.0,nav zināms,2,219,https://www.ss.lv/msg/lv/transport/cars/opel/insignia/cegoki.html,https://i.ss.lv/gallery/7/1326/331266/66253028.th2.jpg
1.5d,,2019.0,nav zināms,1,206,https://www.ss.lv/msg/lv/transport/cars/ford/focus/binpln.html,https://i.ss.lv/gallery/7/1326/331267/66253398.th2.jpg
Продается,,2024.0,nav zināms,1,280,https://www.ss.lv/msg/lv/transport/cars/volkswagen/golf-4/ofpcj.html,https://i.ss.lv/gallery/7/1326/331267/66253348.th2.jpg
Palika,,2009.0,nav zināms,1,,https://www.ss.lv/msg/lv/transport/cars/opel/zafira/blelpx.html,https://i.ss.lv/gallery/7/1316/328781/65756163.th2.jpg
Pardodu,,2005.0,nav zināms,1,,https://www.ss.lv/msg/lv/transport/cars/volkswagen/golf-plus/cfligh.html,https://i.ss.lv/gallery/7/1313/328138/65627436.th2.jpg
Lēta,,2006.0,nav zināms,1,175,https://www.ss.lv/msg/lv/transport/cars/chevrolet/aveo/dlnix.html,https://i.ss.lv/gallery/7/1312/327857/65571294.th2.jpg
VW,,2013.0,nav zināms,2,324,https://www.ss.lv/msg/lv/transport/cars/volkswagen/crafter/cclikf.html,https://i.ss.lv/gallery/7/1326/331264/66252627.th2.jpg
Labas,,2019.0,nav zināms,3,80,https://www.ss.lv/msg/lv/transport/cars/bmw/745/dlpbp.html,https://i.ss.lv/gallery/7/1250/312302/62460383.th2.jpg
Seat,,2019.0,nav zināms,1,140,https://www.ss.lv/msg/lv/transport/cars/seat/ateca/cfhdcg.html,https://i.ss.lv/gallery/7/1281/320068/64013478.th2.jpg
Pārdod,,2013.0,nav zināms,2,209,https://www.ss.lv/msg/lv/transport/cars/volkswagen/passat-b7/cdgdmo.html,https://i.ss.lv/gallery/7/1302/325350/65069987.th2.jpg
Nissan,,2005.0,nav zināms,1,215,https://www.ss.lv/msg/lv/transport/cars/nissan/primera/fxfbn.html,https://i.ss.lv/gallery/7/1326/331266/66253071.th2.jpg
VW,,2017.0,nav zināms,2,,https://www.ss.lv/msg/lv/transport/cars/volkswagen/tiguan/cbmgcj.html,https://i.ss.lv/gallery/7/1315/328704/65740697.th2.jpg
Pardodu,,2014.0,nav zināms,1,251,https://www.ss.lv/msg/lv/transport/cars/volkswagen/golf-7/ccnggo.html,https://i.ss.lv/gallery/7/1307/326745/65348973.th2.jpg
Pardodu,,2006.0,nav zināms,1,379,https://www.ss.lv/msg/lv/transport/cars/opel/vivaro/cehojl.html,https://i.ss.lv/gallery/7/1253/313005/62600841.th2.jpg
TA,,2007.0,nav zināms,2,349,https://www.ss.lv/msg/lv/transport/cars/audi/a4/fnehn.html,https://i.ss.lv/gallery/7/1309/327131/65426094.th2.jpg
BMW,,2007.0,nav zināms,3,306,https://www.ss.lv/msg/lv/transport/cars/bmw/525/bkgchi.html,https://i.ss.lv/gallery/7/1326/331266/66253038.th2.jpg
Pārdodu,,2005.0,nav zināms,2,313,https://www.ss.lv/msg/lv/transport/cars/jeep/grand-cherokee/ceiojn.html,https://i.ss.lv/gallery/7/1326/331262/66252329.th2.jpg
Jauna,,2024.0,nav zināms,1,10,https://www.ss.lv/msg/lv/transport/cars/ford/transit/bejdbb.html,https://i.ss.lv/gallery/7/1235/308519/61703692.th2.jpg
Jauna,,2007.0,nav zināms,1,201,https://www.ss.lv/msg/lv/transport/cars/renault/clio/efefp.html,https://i.ss.lv/gallery/7/1234/308401/61680086.th2.jpg
Amg,,2021.0,nav zināms,1,163,https://www.ss.lv/msg/lv/transport/cars/mercedes/c200/eikhx.html,https://i.ss.lv/gallery/7/1206/301417/60283219.th2.jpg
TA,,2005.0,nav zināms,1,256,https://www.ss.lv/msg/lv/transport/cars/ford/focus/bxxgen.html,https://i.ss.lv/gallery/7/1317/329247/65849385.th2.jpg
Jauna,,2024.0,nav zināms,5,50,https://www.ss.lv/msg/lv/transport/cars/ford/mustang/bfcef.html,https://i.ss.lv/gallery/7/1280/319816/63963143.th2.jpg
Peugeot,,2018.0,nav zināms,2,280,https://www.ss.lv/msg/lv/transport/cars/peugeot/508/ceihbj.html,https://i.ss.lv/gallery/7/1326/331265/66252959.th2.jpg
BMW,,2002.0,nav zināms,2,440,https://www.ss.lv/msg/lv/transport/cars/bmw/320/bholkh.html,https://i.ss.lv/gallery/7/1326/331265/66252984.th2.jpg
Hyundai,,2017.0,nav zināms,1,135,https://www.ss.lv/msg/lv/transport/cars/hyundai/tucson/ceidkj.html,https://i.ss.lv/gallery/7/1326/331260/66251975.th2.jpg
Bmw,,2012.0,nav zināms,3,380,https://www.ss.lv/msg/lv/transport/cars/bmw/330/ffpox.html,https://i.ss.lv/gallery/7/1325/331114/66222710.th2.jpg
Svaiga,,1997.0,nav zināms,2,318,https://www.ss.lv/msg/lv/transport/cars/bmw/318/lbden.html,https://i.ss.lv/gallery/7/1326/331264/66252642.th2.jpg
Toyota,,2018.0,nav zināms,1,92,https://www.ss.lv/msg/lv/transport/cars/toyota/c-hr/ccfpmc.html,https://i.ss.lv/gallery/7/1308/326845/65368944.th2.jpg
2Wd.,,2013.0,nav zināms,2,360,https://www.ss.lv/msg/lv/transport/cars/hyundai/santa-fe/ccphbo.html,https://i.ss.lv/gallery/7/1315/328589/65717650.th2.jpg
Jaguar,,2018.0,nav zināms,2,156,https://www.ss.lv/msg/lv/transport/cars/jaguar/e-pace/cxmhof.html,https://i.ss.lv/gallery/7/1305/326008/65201590.th2.jpg
BMW,,2018.0,nav zināms,,,https://www.ss.lv/msg/lv/transport/cars/bmw/i3/cxcplo.html,https://i.ss.lv/gallery/7/1326/331262/66252337.th2.jpg
Tojota,,2013.0,nav zināms,2,211,https://www.ss.lv/msg/lv/transport/cars/toyota/rav-4/bidjon.html,https://i.ss.lv/gallery/7/1308/326930/65385854.th2.jpg
Nissan,,2015.0,nav zināms,1,148,https://www.ss.lv/msg/lv/transport/cars/nissan/qashqai/ccnxml.html,https://i.ss.lv/gallery/7/1326/331265/66252860.th2.jpg
Audi,,2015.0,nav zināms,3,271,https://www.ss.lv/msg/lv/transport/cars/audi/q7/cdelbk.html,https://i.ss.lv/gallery/7/1312/327847/65569351.th2.jpg
Pārdodu,,2008.0,nav zināms,2,400,https://www.ss.lv/msg/lv/transport/cars/bmw/320/cdkgjk.html,https://i.ss.lv/gallery/7/1321/330130/66025963.th2.jpg
Mercedes,,2016.0,nav zināms,3,269,https://www.ss.lv/msg/lv/transport/cars/mercedes/gle-350/cdblff.html,https://i.ss.lv/gallery/7/1326/331254/66250717.th2.jpg
Volvo,,2013.0,nav zināms,2,242,https://www.ss.lv/msg/lv/transport/cars/volvo/v70/bcpdxl.html,https://i.ss.lv/gallery/7/1296/323862/64772358.th2.jpg
Pārdošanā,,1999.0,nav zināms,2,251,https://www.ss.lv/msg/lv/transport/cars/nissan/patrol/cxnop.html,https://i.ss.lv/gallery/7/1308/326823/65364581.th2.jpg
VW,,2018.0,nav zināms,2,192,https://www.ss.lv/msg/lv/transport/cars/volkswagen/passat-b8/bmbgdi.html,https://i.ss.lv/gallery/7/1302/325306/65061157.th2.jpg
Pārdod,,2012.0,nav zināms,3,210,https://www.ss.lv/msg/lv/transport/cars/porsche/cayenne/cfnjip.html,https://i.ss.lv/gallery/7/1326/331264/66252745.th2.jpg
Pārdošanā,,2003.0,nav zināms,3,363,https://www.ss.lv/msg/lv/transport/cars/bmw/330/ceiklf.html,https://i.ss.lv/gallery/7/1326/331264/66252718.th2.jpg
Apskate,,1995.0,nav zināms,1,300,https://www.ss.lv/msg/lv/transport/cars/bmw/318/bkfjmn.html,https://i.ss.lv/gallery/7/1326/331259/66251729.th2.jpg
Pārdod,,2021.0,nav zināms,1,137,https://www.ss.lv/msg/lv/transport/cars/dacia/duster/cccidd.html,https://i.ss.lv/gallery/7/1309/327005/65400874.th2.jpg
Tikko,,2015.0,nav zināms,2,188,https://www.ss.lv/msg/lv/transport/cars/toyota/avensis/bhppxc.html,https://i.ss.lv/gallery/7/1318/329406/65881055.th2.jpg
Pārdod,,2025.0,nav zināms,2,10,https://www.ss.lv/msg/lv/transport/cars/volkswagen/caddy/bkbxlx.html,https://i.ss.lv/gallery/7/1242/310287/62057270.th2.jpg
1.9,,2007.0,nav zināms,1,422,https://www.ss.lv/msg/lv/transport/cars/audi/a3/bkgxnl.html,https://i.ss.lv/gallery/7/1289/322178/64435521.th2.jpg
Продается,,2013.0,nav zināms,2,291,https://www.ss.lv/msg/lv/transport/cars/bmw/118/fhbil.html,https://i.ss.lv/gallery/7/1326/331264/66252614.th2.jpg
Tirgošanā,,2006.0,nav zināms,1,437,https://www.ss.lv/msg/lv/transport/cars/toyota/corolla/cifhf.html,https://i.ss.lv/gallery/7/1326/331264/66252649.th2.jpg
Pārdod,,2023.0,nav zināms,3,28,https://www.ss.lv/msg/lv/transport/cars/porsche/911/hpxdc.html,https://i.ss.lv/gallery/7/1326/331259/66251790.th2.jpg
Citroën,,2020.0,nav zināms,1,218,https://www.ss.lv/msg/lv/transport/cars/citroen/c5-aircross/cfliml.html,https://i.ss.lv/gallery/7/1306/326484/65296779.th2.jpg
Tirgojas,,2007.0,nav zināms,3,265,https://www.ss.lv/msg/lv/transport/cars/bmw/325/eenig.html,https://i.ss.lv/gallery/7/1313/328044/65608699.th2.jpg
Renault,,2018.0,nav zināms,1,155,https://www.ss.lv/msg/lv/transport/cars/renault/espace/cfloxl.html,https://i.ss.lv/gallery/7/1309/327054/65410761.th2.jpg
Volvo,,2021.0,nav zināms,2,198,https://www.ss.lv/msg/lv/transport/cars/volvo/v60/cceogm.html,https://i.ss.lv/gallery/7/1300/324873/64974507.th2.jpg
Volvo,,2019.0,nav zināms,2,221,https://www.ss.lv/msg/lv/transport/cars/volvo/v40/bdxjfd.html,https://i.ss.lv/gallery/7/1315/328672/65734234.th2.jpg
Продаю,,2007.0,nav zināms,2,,https://www.ss.lv/msg/lv/transport/cars/volkswagen/passat-b6/bbpdjd.html,https://i.ss.lv/gallery/7/1326/331263/66252551.th2.jpg
Pārdod,,2005.0,nav zināms,2,153,https://www.ss.lv/msg/lv/transport/cars/hyundai/tucson/cpcip.html,https://i.ss.lv/gallery/7/1326/331263/66252519.th2.jpg
Pārdodu,,2000.0,nav zināms,1,390,https://www.ss.lv/msg/lv/transport/cars/volkswagen/golf-4/bekjfc.html,https://i.ss.lv/gallery/7/1326/331254/66250636.th2.jpg
Škoda,,2019.0,nav zināms,2,170,https://www.ss.lv/msg/lv/transport/cars/skoda/superb/cbpkpe.html,https://i.ss.lv/gallery/7/1326/331263/66252456.th2.jpg
Labā,,2004.0,nav zināms,2,,https://www.ss.lv/msg/lv/transport/cars/volkswagen/t5/heked.html,https://i.ss.lv/gallery/7/1326/331263/66252442.th2.jpg
Pārdodās,,2005.0,nav zināms,2,350,https://www.ss.lv/msg/lv/transport/cars/saab/9-5/cbddx.html,https://i.ss.lv/gallery/7/1326/331263/66252472.th2.jpg
Auto,,2006.0,nav zināms,2,415,https://www.ss.lv/msg/lv/transport/cars/volkswagen/multivan/cfnjil.html,https://i.ss.lv/gallery/7/1326/331263/66252483.th2.jpg
Pārdodu,,2010.0,nav zināms,3,274,https://www.ss.lv/msg/lv/transport/cars/audi/a6/bhpgfi.html,https://i.ss.lv/gallery/7/1326/331262/66252399.th2.jpg
Mašīna,,2015.0,nav zināms,3,179,https://www.ss.lv/msg/lv/transport/cars/audi/q7/cdxndj.html,https://i.ss.lv/gallery/7/1232/307911/61582141.th2.jpg
Batereja,,2019.0,nav zināms,,225,https://www.ss.lv/msg/lv/transport/cars/electric-cars/cdhokl.html,https://i.ss.lv/gallery/7/1318/329280/65855851.th2.jpg
Automašīna,,2019.0,nav zināms,2,64,https://www.ss.lv/msg/lv/transport/cars/alfa-romeo/stelvio/cemdpb.html,https://i.ss.lv/gallery/7/1256/313862/62772273.th2.jpg
Tiek,,2010.0,nav zināms,2,366,https://www.ss.lv/msg/lv/transport/cars/mercedes/e250/bpdbc.html,https://i.ss.lv/gallery/7/1299/324642/64928203.th2.jpg
2.0,,2005.0,nav zināms,2,245,https://www.ss.lv/msg/lv/transport/cars/toyota/avensis/binkmj.html,https://i.ss.lv/gallery/7/1320/329897/65979337.th2.jpg
A/m,,2008.0,nav zināms,2,,https://www.ss.lv/msg/lv/transport/cars/peugeot/407/egjjk.html,https://i.ss.lv/gallery/7/1203/300701/60140090.th2.jpg
A,,2015.0,nav zināms,3,245,https://www.ss.lv/msg/lv/transport/cars/audi/a6/bcdxii.html,https://i.ss.lv/gallery/7/1326/331258/66251402.th2.jpg
Nav,,2009.0,nav zināms,1,86,https://www.ss.lv/msg/lv/transport/cars/volkswagen/golf-6/bckenm.html,https://i.ss.lv/gallery/7/1285/321127/64225323.th2.jpg
A4,,2008.0,nav zināms,3,273,https://www.ss.lv/msg/lv/transport/cars/audi/a4/bbieoe.html,https://i.ss.lv/gallery/7/1326/331261/66252070.th2.jpg
Volkswagen,,2020.0,nav zināms,2,141,https://www.ss.lv/msg/lv/transport/cars/volkswagen/golf-8/cflbll.html,https://i.ss.lv/gallery/7/1304/325759/65151632.th2.jpg
Praktisks,,2006.0,nav zināms,1,181,https://www.ss.lv/msg/lv/transport/cars/mazda/mazda3/bejghf.html,https://i.ss.lv/gallery/7/1326/331261/66252193.th2.jpg
Volvo,,2012.0,nav zināms,2,355,https://www.ss.lv/msg/lv/transport/cars/volvo/xc70/cclcib.html,https://i.ss.lv/gallery/7/1325/331084/66216689.th2.jpg
Auto,,2010.0,nav zināms,2,408,https://www.ss.lv/msg/lv/transport/cars/bmw/520/cdpnhi.html,https://i.ss.lv/gallery/7/1322/330285/66056970.th2.jpg
Volkswagen,,2019.0,nav zināms,2,54,https://www.ss.lv/msg/lv/transport/cars/volkswagen/t-roc/bopdxm.html,https://i.ss.lv/gallery/7/1302/325428/65085484.th2.jpg
Tikko,,2013.0,nav zināms,2,,https://www.ss.lv/msg/lv/transport/cars/bmw/x3/cbxhpl.html,https://i.ss.lv/gallery/7/1326/331259/66251682.th2.jpg
Noņemts,,1985.0,nav zināms,1,357,https://www.ss.lv/msg/lv/transport/cars/mitsubishi/l-300/fommk.html,https://i.ss.lv/gallery/6/1143/285749/57149700.th2.jpg
Nissan,,2013.0,nav zināms,,116,https://www.ss.lv/msg/lv/transport/cars/electric-cars/bnnfbx.html,https://i.ss.lv/gallery/7/1326/331260/66251992.th2.jpg
Tiek,,2002.0,nav zināms,1,110,https://www.ss.lv/msg/lv/transport/cars/ford/focus/pjffi.html,https://i.ss.lv/gallery/7/1326/331261/66252001.th2.jpg
Volkswagen,,2019.0,nav zināms,2,148,https://www.ss.lv/msg/lv/transport/cars/volkswagen/golf-7/cclplb.html,https://i.ss.lv/gallery/7/1300/324980/64995910.th2.jpg
Porsche,,2021.0,nav zināms,2,49,https://www.ss.lv/msg/lv/transport/cars/porsche/macan/ccdhpg.html,https://i.ss.lv/gallery/7/1302/325300/65059948.th2.jpg
Pārdodas,,2001.0,nav zināms,3,,https://www.ss.lv/msg/lv/transport/cars/bmw/330/cefcmm.html,https://i.ss.lv/gallery/7/1326/331261/66252066.th2.jpg
Jaunais,,2024.0,nav zināms,2,10,https://www.ss.lv/msg/lv/transport/cars/opel/movano/bhixde.html,https://i.ss.lv/gallery/7/1234/308494/61698621.th2.jpg
1.9,,2000.0,nav zināms,1,302,https://www.ss.lv/msg/lv/transport/cars/seat/alhambra/bgpbpp.html,https://i.ss.lv/gallery/7/1326/331258/66251504.th2.jpg
Maxi,,2012.0,nav zināms,2,335,https://www.ss.lv/msg/lv/transport/cars/volkswagen/crafter/ccemfx.html,https://i.ss.lv/gallery/7/1326/331261/66252044.th2.jpg
Volkswagen,,2018.0,nav zināms,2,97,https://www.ss.lv/msg/lv/transport/cars/volkswagen/tiguan/cbpehl.html,https://i.ss.lv/gallery/7/1300/324989/64997735.th2.jpg
Mainu,,2007.0,nav zināms,3,,https://www.ss.lv/msg/lv/transport/cars/land-rover/range-rover/cejihm.html,https://i.ss.lv/gallery/6/1195/298601/59720120.th2.jpg
Pārdodas,,2008.0,nav zināms,1,,https://www.ss.lv/msg/lv/transport/cars/volvo/c30/cechcg.html,https://i.ss.lv/gallery/7/1325/331209/66241741.th2.jpg
Oficiālais,,2024.0,nav zināms,1,10,https://www.ss.lv/msg/lv/transport/cars/opel/mokka/cdjkcx.html,https://i.ss.lv/gallery/7/1241/310053/62010489.th2.jpg
Kopts,,2008.0,nav zināms,2,,https://www.ss.lv/msg/lv/transport/cars/volvo/v50/cecfme.html,https://i.ss.lv/gallery/7/1324/330752/66150357.th2.jpg
Tesla,,2017.0,nav zināms,,179,https://www.ss.lv/msg/lv/transport/cars/tesla/model-s/cfnjih.html,https://i.ss.lv/gallery/7/1326/331261/66252021.th2.jpg
Pārdodam,,2011.0,nav zināms,1,191,https://www.ss.lv/msg/lv/transport/cars/volkswagen/polo/bkjxjd.html,https://i.ss.lv/gallery/7/1326/331260/66251961.th2.jpg
Pārdod,,2023.0,nav zināms,1,16,https://www.ss.lv/msg/lv/transport/cars/opel/mokka/bllolg.html,https://i.ss.lv/gallery/6/1148/286767/57353365.th2.jpg
Opel,,2022.0,nav zināms,1,36,https://www.ss.lv/msg/lv/transport/cars/opel/astra/aixcm.html,https://i.ss.lv/gallery/6/1087/271554/54310652.th2.jpg
Opel,,2023.0,nav zināms,1,18,https://www.ss.lv/msg/lv/transport/cars/opel/crossland-x/cbmgek.html,https://i.ss.lv/gallery/6/1193/298088/59617510.th2.jpg
Opel,,2024.0,nav zināms,1,10,https://www.ss.lv/msg/lv/transport/cars/opel/combo/bkbko.html,https://i.ss.lv/gallery/7/1218/304372/60874227.th2.jpg
Oficiālais,,2023.0,nav zināms,1,2,https://www.ss.lv/msg/lv/transport/cars/opel/grandland-x/ccoehk.html,https://i.ss.lv/gallery/7/1229/307058/61411544.th2.jpg
Porsche,,2021.0,nav zināms,3,17,https://www.ss.lv/msg/lv/transport/cars/porsche/911/bdkjm.html,https://i.ss.lv/gallery/7/1321/330014/66002758.th2.jpg
Pārdod,,2025.0,nav zināms,1,10,https://www.ss.lv/msg/lv/transport/cars/volkswagen/t-cross/ccmxhg.html,https://i.ss.lv/gallery/7/1225/306183/61236410.th2.jpg
Jauns,,2024.0,nav zināms,2,10,https://www.ss.lv/msg/lv/transport/cars/opel/zafira/bxcok.html,https://i.ss.lv/gallery/7/1264/315969/63193692.th2.jpg
Unikāls,,2003.0,nav zināms,2,325,https://www.ss.lv/msg/lv/transport/cars/mercedes/c220/bjjhjk.html,https://i.ss.lv/gallery/7/1326/331260/66251938.th2.jpg
Pārdod,,2007.0,nav zināms,3,272,https://www.ss.lv/msg/lv/transport/cars/mercedes/cls320/bdhdln.html,https://i.ss.lv/gallery/7/1272/317760/63551843.th2.jpg
Volkswagen,,2019.0,nav zināms,2,91,https://www.ss.lv/msg/lv/transport/cars/volkswagen/t-roc/cbicdn.html,https://i.ss.lv/gallery/7/1298/324430/64885859.th2.jpg
Pārdošanā,,2007.0,nav zināms,2,287,https://www.ss.lv/msg/lv/transport/cars/bmw/525/fenij.html,https://i.ss.lv/gallery/7/1307/326738/65347511.th2.jpg
Pārdodas,,1993.0,nav zināms,2,189,https://www.ss.lv/msg/lv/transport/cars/bmw/520/bghfm.html,https://i.ss.lv/gallery/7/1290/322344/64468619.th2.jpg
Auto,,2014.0,nav zināms,2,,https://www.ss.lv/msg/lv/transport/cars/mazda/cx-5/cbgogi.html,https://i.ss.lv/gallery/7/1280/319845/63968962.th2.jpg
Продажа,,2013.0,nav zināms,1,394,https://www.ss.lv/msg/lv/transport/cars/volkswagen/touran/cfkngb.html,https://i.ss.lv/gallery/7/1302/325294/65058709.th2.jpg
Volvo,,2010.0,nav zināms,2,,https://www.ss.lv/msg/lv/transport/cars/volvo/v70/cemklb.html,https://i.ss.lv/gallery/7/1326/331258/66251548.th2.jpg
BMW,,2015.0,nav zināms,3,173,https://www.ss.lv/msg/lv/transport/cars/bmw/x5/bkmmjj.html,https://i.ss.lv/gallery/7/1283/320750/64149883.th2.jpg
Range,,2009.0,nav zināms,2,354,https://www.ss.lv/msg/lv/transport/cars/land-rover/range-rover-sport/bhkcnc.html,https://i.ss.lv/gallery/7/1326/331259/66251775.th2.jpg
Mazda,,2018.0,nav zināms,2,96,https://www.ss.lv/msg/lv/transport/cars/mazda/mazda6/bcxmmg.html,https://i.ss.lv/gallery/7/1318/329406/65881088.th2.jpg
Pārdodas,,2004.0,nav zināms,2,334,https://www.ss.lv/msg/lv/transport/cars/bmw/525/bjoblm.html,https://i.ss.lv/gallery/7/1326/331260/66251834.th2.jpg
Peugeot,5008,2019.0,nav zināms,1,111,https://www.ss.lv/msg/lv/transport/cars/peugeot/5008/ceiigh.html,https://i.ss.lv/gallery/7/1325/331202/66240338.th2.jpg
Mercedes-Benz,,2016.0,nav zināms,2,260,https://www.ss.lv/msg/lv/transport/cars/mercedes/gla220/blmmgj.html,https://i.ss.lv/gallery/7/1267/316673/63334504.th2.jpg
Pārdodu,,2004.0,nav zināms,2,215,https://www.ss.lv/msg/lv/transport/cars/audi/a3/ceehhp.html,https://i.ss.lv/gallery/7/1324/330830/66165914.th2.jpg
Audi,,2007.0,nav zināms,2,280,https://www.ss.lv/msg/lv/transport/cars/audi/a6/bcbmdo.html,https://i.ss.lv/gallery/7/1326/331258/66251595.th2.jpg
Микроавтобус,,2009.0,nav zināms,2,260,https://www.ss.lv/msg/lv/transport/cars/mercedes/viano/bdbjih.html,https://i.ss.lv/gallery/7/1307/326541/65308172.th2.jpg
Mercedes,,2009.0,nav zināms,3,,https://www.ss.lv/msg/lv/transport/cars/mercedes/e350/cbbkcd.html,https://i.ss.lv/gallery/7/1310/327423/65484510.th2.jpg
Продаётся,,1998.0,nav zināms,1,271,https://www.ss.lv/msg/lv/transport/cars/mercedes/c180/gnpni.html,https://i.ss.lv/gallery/7/1326/331254/66250682.th2.jpg
Seat,,2009.0,nav zināms,1,,https://www.ss.lv/msg/lv/transport/cars/seat/ibiza/cfxkpk.html,https://i.ss.lv/gallery/7/1310/327450/65489913.th2.jpg
BMW,,2008.0,nav zināms,2,,https://www.ss.lv/msg/lv/transport/cars/bmw/118/bpohhh.html,https://i.ss.lv/gallery/7/1323/330603/66120465.th2.jpg
Bmw,,2014.0,nav zināms,3,,https://www.ss.lv/msg/lv/transport/cars/bmw/x4/bppgho.html,https://i.ss.lv/gallery/7/1316/328991/65798131.th2.jpg
BMW,,2016.0,nav zināms,,,https://www.ss.lv/msg/lv/transport/cars/bmw/i3/cbblix.html,https://i.ss.lv/gallery/7/1323/330514/66102718.th2.jpg
Renault,,2009.0,nav zināms,1,,https://www.ss.lv/msg/lv/transport/cars/renault/grandscenic/pjjcb.html,https://i.ss.lv/gallery/7/1323/330508/66101425.th2.jpg
Renault,,2008.0,nav zināms,2,,https://www.ss.lv/msg/lv/transport/cars/renault/trafic/gobcj.html,https://i.ss.lv/gallery/7/1317/329006/65801042.th2.jpg
Peugeot,,2009.0,nav zināms,1,,https://www.ss.lv/msg/lv/transport/cars/peugeot/308/bhdeli.html,https://i.ss.lv/gallery/7/1285/321037/64207350.th2.jpg
BMW,,2008.0,nav zināms,3,,https://www.ss.lv/msg/lv/transport/cars/bmw/335/cbigck.html,https://i.ss.lv/gallery/7/1321/330005/66000986.th2.jpg
Uzticamu,,2014.0,nav zināms,2,,https://www.ss.lv/msg/lv/transport/cars/ford/kuga/cbkcbl.html,https://i.ss.lv/gallery/7/1308/326942/65388223.th2.jpg
VW,,2014.0,nav zināms,1,,https://www.ss.lv/msg/lv/transport/cars/volkswagen/polo/ohkkx.html,https://i.ss.lv/gallery/7/1316/328825/65764861.th2.jpg
Mini,,2010.0,nav zināms,1,,https://www.ss.lv/msg/lv/transport/cars/mini/clubman/cflioo.html,https://i.ss.lv/gallery/7/1306/326500/65299872.th2.jpg
VW,,2013.0,nav zināms,1,,https://www.ss.lv/msg/lv/transport/cars/volkswagen/golf-7/cdeplp.html,https://i.ss.lv/gallery/7/1236/308988/61797535.th2.jpg
BMW,,2010.0,nav zināms,3,,https://www.ss.lv/msg/lv/transport/cars/bmw/325/fikbh.html,https://i.ss.lv/gallery/7/1308/326768/65353587.th2.jpg
VW,,2007.0,nav zināms,1,,https://www.ss.lv/msg/lv/transport/cars/volkswagen/jetta/ligjl.html,https://i.ss.lv/gallery/7/1308/326754/65350681.th2.jpg
Tiek,,2008.0,nav zināms,2,378,https://www.ss.lv/msg/lv/transport/cars/audi/a4/bjenfn.html,https://i.ss.lv/gallery/7/1319/329598/65919521.th2.jpg
BMW,,2008.0,nav zināms,2,,https://www.ss.lv/msg/lv/transport/cars/bmw/118/olpec.html,https://i.ss.lv/gallery/7/1301/325065/65012884.th2.jpg
Renault,,2007.0,nav zināms,1,,https://www.ss.lv/msg/lv/transport/cars/renault/clio/bdgnef.html,https://i.ss.lv/gallery/7/1307/326714/65342670.th2.jpg
BMW,,2011.0,nav zināms,3,,https://www.ss.lv/msg/lv/transport/cars/bmw/x3/cfljcg.html,https://i.ss.lv/gallery/7/1307/326526/65305088.th2.jpg
VW,,2007.0,nav zināms,1,,https://www.ss.lv/msg/lv/transport/cars/volkswagen/golf-plus/cffxod.html,https://i.ss.lv/gallery/7/1272/317943/63588452.th2.jpg
BMW,,2007.0,nav zināms,2,,https://www.ss.lv/msg/lv/transport/cars/bmw/x3/cbpxpi.html,https://i.ss.lv/gallery/7/1282/320252/64050307.th2.jpg
BMW,,2013.0,nav zināms,3,,https://www.ss.lv/msg/lv/transport/cars/bmw/750/decem.html,https://i.ss.lv/gallery/7/1299/324646/64929119.th2.jpg
Lexus,,2009.0,nav zināms,3,,https://www.ss.lv/msg/lv/transport/cars/lexus/rx/ghmcl.html,https://i.ss.lv/gallery/7/1288/321766/64353043.th2.jpg
Volvo,,2013.0,nav zināms,2,,https://www.ss.lv/msg/lv/transport/cars/volvo/xc60/cfiojn.html,https://i.ss.lv/gallery/7/1289/322238/64447528.th2.jpg
Chevrolet,,2013.0,nav zināms,2,,https://www.ss.lv/msg/lv/transport/cars/chevrolet/orlando/cefdjl.html,https://i.ss.lv/gallery/7/1251/312536/62507169.th2.jpg
Volvo,,2008.0,nav zināms,2,,https://www.ss.lv/msg/lv/transport/cars/volvo/xc70/bbpexc.html,https://i.ss.lv/gallery/7/1286/321472/64294282.th2.jpg
Jeep,,2017.0,nav zināms,1,,https://www.ss.lv/msg/lv/transport/cars/jeep/renegade/cfkkck.html,https://i.ss.lv/gallery/7/1300/324935/64986877.th2.jpg
Hyundai,,2006.0,nav zināms,2,,https://www.ss.lv/msg/lv/transport/cars/hyundai/tucson/ccedck.html,https://i.ss.lv/gallery/7/1294/323379/64675653.th2.jpg
"R-Design,",,2016.0,nav zināms,2,128,https://www.ss.lv/msg/lv/transport/cars/volvo/xc90/cdbikg.html,https://i.ss.lv/gallery/7/1326/331258/66251489.th2.jpg
Nissan,,2012.0,nav zināms,2,,https://www.ss.lv/msg/lv/transport/cars/nissan/qashqai/cceodg.html,https://i.ss.lv/gallery/7/1285/321217/64243228.th2.jpg
Nissan,,2012.0,nav zināms,1,,https://www.ss.lv/msg/lv/transport/cars/nissan/qashqai/cdkden.html,https://i.ss.lv/gallery/7/1319/329553/65910490.th2.jpg
Hyundai,,2016.0,nav zināms,2,,https://www.ss.lv/msg/lv/transport/cars/hyundai/santa-fe/cfixbe.html,https://i.ss.lv/gallery/7/1284/320982/64196321.th2.jpg
BMW,,2010.0,nav zināms,2,,https://www.ss.lv/msg/lv/transport/cars/bmw/x1/bpgpmi.html,https://i.ss.lv/gallery/7/1296/323873/64774420.th2.jpg
VW,,2020.0,nav zināms,1,,https://www.ss.lv/msg/lv/transport/cars/volkswagen/golf-7/ccjojd.html,https://i.ss.lv/gallery/7/1305/326158/65231439.th2.jpg
VW,,2016.0,nav zināms,1,,https://www.ss.lv/msg/lv/transport/cars/volkswagen/golf-7/ccpxdh.html,https://i.ss.lv/gallery/7/1301/325026/65005196.th2.jpg
Audi,,2013.0,nav zināms,3,,https://www.ss.lv/msg/lv/transport/cars/audi/allroad/cdholg.html,https://i.ss.lv/gallery/7/1319/329585/65916985.th2.jpg
Audi,,2012.0,nav zināms,2,,https://www.ss.lv/msg/lv/transport/cars/audi/a5/cbpieh.html,https://i.ss.lv/gallery/7/1318/329484/65896783.th2.jpg
Audi,,2014.0,nav zināms,3,,https://www.ss.lv/msg/lv/transport/cars/audi/a5/cbibeo.html,https://i.ss.lv/gallery/7/1318/329314/65862622.th2.jpg
Opel,,2008.0,nav zināms,1,,https://www.ss.lv/msg/lv/transport/cars/opel/meriva/cflndk.html,https://i.ss.lv/gallery/7/1314/328375/65674837.th2.jpg
Peugeot,,2014.0,nav zināms,1,,https://www.ss.lv/msg/lv/transport/cars/peugeot/308/cxmxxk.html,https://i.ss.lv/gallery/7/1314/328369/65673740.th2.jpg
85,,2014.0,nav zināms,,182,https://www.ss.lv/msg/lv/transport/cars/tesla/model-s/cfmnbc.html,https://i.ss.lv/gallery/7/1326/331258/66251523.th2.jpg
Hyundai,,2005.0,nav zināms,2,,https://www.ss.lv/msg/lv/transport/cars/hyundai/sonata/dnbek.html,https://i.ss.lv/gallery/7/1312/327797/65559321.th2.jpg
BMW,,2007.0,nav zināms,3,,https://www.ss.lv/msg/lv/transport/cars/bmw/x5/ccnkgp.html,https://i.ss.lv/gallery/7/1311/327551/65510012.th2.jpg
BMW,,2008.0,nav zināms,2,,https://www.ss.lv/msg/lv/transport/cars/bmw/118/hjcnn.html,https://i.ss.lv/gallery/7/1318/329436/65887085.th2.jpg
Renault,,2016.0,nav zināms,1,,https://www.ss.lv/msg/lv/transport/cars/renault/talisman/cciiib.html,https://i.ss.lv/gallery/7/1318/329425/65884998.th2.jpg
Peugeot,3008,2019.0,nav zināms,1,,https://www.ss.lv/msg/lv/transport/cars/peugeot/3008/bjxggh.html,https://i.ss.lv/gallery/7/1316/328856/65771188.th2.jpg
Pārdodu,,2015.0,nav zināms,1,295,https://www.ss.lv/msg/lv/transport/cars/peugeot/partner/bjgnlj.html,https://i.ss.lv/gallery/7/1326/331258/66251509.th2.jpg
VW,,2010.0,nav zināms,2,,https://www.ss.lv/msg/lv/transport/cars/volkswagen/tiguan/cfmlpd.html,https://i.ss.lv/gallery/7/1317/329186/65837042.th2.jpg
Mercedes-Benz,,2014.0,nav zināms,1,,https://www.ss.lv/msg/lv/transport/cars/mercedes/citan/ccigfl.html,https://i.ss.lv/gallery/7/1227/306685/61336884.th2.jpg
Mazda,,2017.0,nav zināms,2,,https://www.ss.lv/msg/lv/transport/cars/mazda/cx-3/cfindo.html,https://i.ss.lv/gallery/7/1289/322099/64419740.th2.jpg
Pārdodu,,2017.0,nav zināms,1,125,https://www.ss.lv/msg/lv/transport/cars/volkswagen/polo/bekxjd.html,https://i.ss.lv/gallery/7/1306/326256/65251084.th2.jpg
Skate,,2006.0,nav zināms,2,367,https://www.ss.lv/msg/lv/transport/cars/opel/vivaro/cflnxc.html,https://i.ss.lv/gallery/7/1305/326069/65213647.th2.jpg
Nissan,,2015.0,nav zināms,1,,https://www.ss.lv/msg/lv/transport/cars/nissan/pulsar/bnfgki.html,https://i.ss.lv/gallery/7/1245/311029/62205776.th2.jpg
Pārdodu,,2015.0,nav zināms,2,205,https://www.ss.lv/msg/lv/transport/cars/chrysler/200/ceclkk.html,https://i.ss.lv/gallery/7/1249/312078/62415460.th2.jpg
Pārdodu,,2010.0,nav zināms,1,226,https://www.ss.lv/msg/lv/transport/cars/toyota/corolla/bjihjl.html,https://i.ss.lv/gallery/7/1301/325050/65009802.th2.jpg
Без,,2009.0,nav zināms,2,,https://www.ss.lv/msg/lv/transport/cars/audi/a6/bdkmoh.html,https://i.ss.lv/gallery/7/1316/328875/65774837.th2.jpg
BMW,,2007.0,nav zināms,2,,https://www.ss.lv/msg/lv/transport/cars/bmw/118/cchlmi.html,https://i.ss.lv/gallery/7/1325/331036/66207072.th2.jpg
Volvo,,2010.0,nav zināms,2,,https://www.ss.lv/msg/lv/transport/cars/volvo/s60/cedlob.html,https://i.ss.lv/gallery/7/1325/331053/66210512.th2.jpg
Opel,,2011.0,nav zināms,2,279,https://www.ss.lv/msg/lv/transport/cars/opel/insignia/cclldp.html,https://i.ss.lv/gallery/7/1305/326157/65231203.th2.jpg
Audi,,2010.0,nav zināms,2,,https://www.ss.lv/msg/lv/transport/cars/audi/a6/bibhdn.html,https://i.ss.lv/gallery/7/1325/331221/66244081.th2.jpg
Продаёт,,2003.0,nav zināms,4,233,https://www.ss.lv/msg/lv/transport/cars/lexus/gs/fpjdp.html,https://i.ss.lv/gallery/7/1326/331256/66251062.th2.jpg
Tikko,,2008.0,nav zināms,1,357,https://www.ss.lv/msg/lv/transport/cars/renault/clio/beikif.html,https://i.ss.lv/gallery/7/1319/329624/65924753.th2.jpg
VW,,2014.0,nav zināms,2,300,https://www.ss.lv/msg/lv/transport/cars/volkswagen/passat-b7/cefigl.html,https://i.ss.lv/gallery/7/1326/331257/66251225.th2.jpg
Toyota,,2019.0,nav zināms,2,189,https://www.ss.lv/msg/lv/transport/cars/toyota/hilux/klicl.html,https://i.ss.lv/gallery/7/1326/331256/66251068.th2.jpg
Ļoti,,2012.0,nav zināms,1,223,https://www.ss.lv/msg/lv/transport/cars/audi/a1/bbmhxp.html,https://i.ss.lv/gallery/7/1318/329404/65880689.th2.jpg
Без,,2014.0,nav zināms,2,,https://www.ss.lv/msg/lv/transport/cars/ford/mondeo/efxmn.html,https://i.ss.lv/gallery/7/1214/303264/60652652.th2.jpg
Из,,2010.0,nav zināms,1,,https://www.ss.lv/msg/lv/transport/cars/ford/focus/dofek.html,https://i.ss.lv/gallery/6/1192/297898/59579533.th2.jpg
Без,,2008.0,nav zināms,3,,https://www.ss.lv/msg/lv/transport/cars/bmw/525/cdmip.html,https://i.ss.lv/gallery/7/1261/315040/63007930.th2.jpg
Без,,2006.0,nav zināms,2,,https://www.ss.lv/msg/lv/transport/cars/bmw/525/bgblb.html,https://i.ss.lv/gallery/7/1270/317431/63486143.th2.jpg
В,,2009.0,nav zināms,2,,https://www.ss.lv/msg/lv/transport/cars/toyota/avensis/cdclde.html,https://i.ss.lv/gallery/7/1234/308387/61677325.th2.jpg
В,,2008.0,nav zināms,2,,https://www.ss.lv/msg/lv/transport/cars/toyota/corolla-verso/nmbxo.html,https://i.ss.lv/gallery/7/1264/315967/63193397.th2.jpg
Auto,,2008.0,nav zināms,2,,https://www.ss.lv/msg/lv/transport/cars/volkswagen/tiguan/ccjlbh.html,https://i.ss.lv/gallery/7/1304/325792/65158246.th2.jpg
Pārdod,,2008.0,nav zināms,2,260,https://www.ss.lv/msg/lv/transport/cars/citroen/jumpy/bbinno.html,https://i.ss.lv/gallery/7/1321/330030/66005931.th2.jpg
Auto,,2005.0,nav zināms,1,,https://www.ss.lv/msg/lv/transport/cars/mitsubishi/colt/befxo.html,https://i.ss.lv/gallery/7/1304/325794/65158659.th2.jpg
Sq5,,2017.0,nav zināms,3,213,https://www.ss.lv/msg/lv/transport/cars/audi/q5/cdjffk.html,https://i.ss.lv/gallery/7/1326/331256/66251091.th2.jpg
Pierīgā,,2011.0,nav zināms,1,,https://www.ss.lv/msg/lv/transport/cars/nissan/qashqai/cdomcd.html,https://i.ss.lv/gallery/7/1326/331255/66250951.th2.jpg
Pārdodu,,2015.0,nav zināms,1,253,https://www.ss.lv/msg/lv/transport/cars/volkswagen/passat-b8/cebdmn.html,https://i.ss.lv/gallery/7/1320/329878/65975466.th2.jpg
Opel,,2014.0,nav zināms,2,180,https://www.ss.lv/msg/lv/transport/cars/opel/antara/cfjfbp.html,https://i.ss.lv/gallery/7/1314/328338/65667410.th2.jpg
Pārdodu,,2004.0,nav zināms,2,356,https://www.ss.lv/msg/lv/transport/cars/audi/allroad/cdxmkk.html,https://i.ss.lv/gallery/7/1326/331255/66250923.th2.jpg
Pārdod,,2006.0,nav zināms,3,340,https://www.ss.lv/msg/lv/transport/cars/audi/a6/bhphkp.html,https://i.ss.lv/gallery/7/1326/331255/66250912.th2.jpg
Mini,,2013.0,nav zināms,1,201,https://www.ss.lv/msg/lv/transport/cars/mini/countryman/cfbnch.html,https://i.ss.lv/gallery/7/1264/316000/63199946.th2.jpg
Volvo,,2008.0,nav zināms,2,469,https://www.ss.lv/msg/lv/transport/cars/volvo/s80/bedobl.html,https://i.ss.lv/gallery/7/1318/329403/65880585.th2.jpg
Opel,,2007.0,nav zināms,2,247,https://www.ss.lv/msg/lv/transport/cars/opel/antara/cdilci.html,https://i.ss.lv/gallery/7/1309/327181/65436101.th2.jpg
BMW,,2010.0,nav zināms,2,286,https://www.ss.lv/msg/lv/transport/cars/bmw/318/bopob.html,https://i.ss.lv/gallery/7/1259/314566/62913015.th2.jpg
Citroen,,2008.0,nav zināms,2,311,https://www.ss.lv/msg/lv/transport/cars/citroen/c-crosser/nxigj.html,https://i.ss.lv/gallery/7/1318/329387/65877371.th2.jpg
VW,,2013.0,nav zināms,3,347,https://www.ss.lv/msg/lv/transport/cars/volkswagen/touareg/cbegd.html,https://i.ss.lv/gallery/7/1296/323752/64750217.th2.jpg
Lancia,,2012.0,nav zināms,2,352,https://www.ss.lv/msg/lv/transport/cars/lancia/voyager/cximmg.html,https://i.ss.lv/gallery/7/1302/325396/65079193.th2.jpg
Ford,,2008.0,nav zināms,2,296,https://www.ss.lv/msg/lv/transport/cars/ford/s-max/hbnjf.html,https://i.ss.lv/gallery/7/1280/319996/63999021.th2.jpg
Audi,,2017.0,nav zināms,2,299,https://www.ss.lv/msg/lv/transport/cars/audi/a4/blhefh.html,https://i.ss.lv/gallery/7/1321/330003/66000439.th2.jpg
BMW,,2017.0,nav zināms,3,,https://www.ss.lv/msg/lv/transport/cars/bmw/x5/cdeoml.html,https://i.ss.lv/gallery/7/1325/331238/66247425.th2.jpg
Ļoti,,2009.0,nav zināms,2,374,https://www.ss.lv/msg/lv/transport/cars/volvo/xc60/bomxhj.html,https://i.ss.lv/gallery/7/1326/331254/66250800.th2.jpg
Ļoti,,2007.0,nav zināms,1,,https://www.ss.lv/msg/lv/transport/cars/mini/clubman/cdlxil.html,https://i.ss.lv/gallery/7/1326/331254/66250783.th2.jpg
A7,,2011.0,nav zināms,3,260,https://www.ss.lv/msg/lv/transport/cars/audi/a7/bocnng.html,https://i.ss.lv/gallery/7/1311/327540/65507802.th2.jpg
Pārdodu,,2004.0,nav zināms,1,499,https://www.ss.lv/msg/lv/transport/cars/volkswagen/golf-5/ceinlh.html,https://i.ss.lv/gallery/7/1326/331254/66250699.th2.jpg
Pārdodu,,1999.0,nav zināms,1,412,https://www.ss.lv/msg/lv/transport/cars/volkswagen/t4/lxkjh.html,https://i.ss.lv/gallery/7/1326/331255/66250815.th2.jpg
Volvo,,2012.0,nav zināms,1,290,https://www.ss.lv/msg/lv/transport/cars/volvo/s60/bdkmgg.html,https://i.ss.lv/gallery/7/1311/327654/65530723.th2.jpg
Nesteidzīgi,,2004.0,nav zināms,2,389,https://www.ss.lv/msg/lv/transport/cars/volvo/s60/bhmgnn.html,https://i.ss.lv/gallery/7/1318/329354/65870745.th2.jpg
Auto,,2017.0,nav zināms,2,271,https://www.ss.lv/msg/lv/transport/cars/ford/mondeo/aoblk.html,https://i.ss.lv/gallery/7/1326/331254/66250703.th2.jpg
Pārdod,,2001.0,nav zināms,2,243,https://www.ss.lv/msg/lv/transport/cars/volkswagen/passat-b5/bbjibl.html,https://i.ss.lv/gallery/7/1325/331235/66246954.th2.jpg
Īpašnieks,,2014.0,nav zināms,2,260,https://www.ss.lv/msg/lv/transport/cars/bmw/525/hhfdj.html,https://i.ss.lv/gallery/7/1326/331254/66250694.th2.jpg
Facelift,,2008.0,nav zināms,2,278,https://www.ss.lv/msg/lv/transport/cars/volvo/xc90/cegcfm.html,https://i.ss.lv/gallery/7/1324/330836/66167186.th2.jpg
Volvo,,2004.0,nav zināms,2,375,https://www.ss.lv/msg/lv/transport/cars/volvo/xc90/cckbbj.html,https://i.ss.lv/gallery/7/1326/331254/66250665.th2.jpg
Viens,,2005.0,nav zināms,1,283,https://www.ss.lv/msg/lv/transport/cars/honda/jazz/bjjmge.html,https://i.ss.lv/gallery/7/1325/331054/66210785.th2.jpg
Renault,,2007.0,nav zināms,2,125,https://www.ss.lv/msg/lv/transport/cars/renault/trafic/cceehk.html,https://i.ss.lv/gallery/7/1295/323684/64736724.th2.jpg
"Reāls,",,2018.0,nav zināms,1,139,https://www.ss.lv/msg/lv/transport/cars/nissan/qashqai/bncdii.html,https://i.ss.lv/gallery/7/1326/331254/66250614.th2.jpg
No,,2014.0,nav zināms,1,239,https://www.ss.lv/msg/lv/transport/cars/volkswagen/golf-7/cchhkf.html,https://i.ss.lv/gallery/7/1314/328265/65652841.th2.jpg
Peugeot,,2023.0,nav zināms,,14,https://www.ss.lv/msg/lv/transport/cars/peugeot/rifter/cbjfki.html,https://i.ss.lv/gallery/6/1127/281691/56338149.th2.jpg
Facelift,,2012.0,nav zināms,2,,https://www.ss.lv/msg/lv/transport/cars/volvo/xc60/cdxokm.html,https://i.ss.lv/gallery/7/1315/328677/65735331.th2.jpg
"2.2D/103Kw,",,2008.0,nav zināms,2,309,https://www.ss.lv/msg/lv/transport/cars/honda/cr-v/cdolxg.html,https://i.ss.lv/gallery/6/1196/298984/59796650.th2.jpg
Labs,,2012.0,nav zināms,2,,https://www.ss.lv/msg/lv/transport/cars/volvo/xc60/cebxhh.html,https://i.ss.lv/gallery/7/1315/328677/65735269.th2.jpg
"2.0d/110kw,",,2007.0,nav zināms,2,311,https://www.ss.lv/msg/lv/transport/cars/chevrolet/captiva/cffebd.html,https://i.ss.lv/gallery/7/1319/329512/65902352.th2.jpg
"2.0d/110kw,",,2012.0,nav zināms,2,322,https://www.ss.lv/msg/lv/transport/cars/nissan/x-trail/ceifmh.html,https://i.ss.lv/gallery/7/1317/329024/65804723.th2.jpg
"3.0d/122kw,",,2006.0,nav zināms,3,371,https://www.ss.lv/msg/lv/transport/cars/toyota/land-cruiser/bhlnn.html,https://i.ss.lv/gallery/7/1316/328960/65791875.th2.jpg
Kia,,2023.0,nav zināms,,12,https://www.ss.lv/msg/lv/transport/cars/kia/another/cxhokg.html,https://i.ss.lv/gallery/7/1270/317311/63462157.th2.jpg
Pārdod,,2010.0,nav zināms,2,251,https://www.ss.lv/msg/lv/transport/cars/ford/s-max/bjfjgp.html,https://i.ss.lv/gallery/7/1290/322491/64498199.th2.jpg
Long.,,2013.0,nav zināms,3,207,https://www.ss.lv/msg/lv/transport/cars/mercedes/s350/hdhdf.html,https://i.ss.lv/gallery/7/1326/331253/66250520.th2.jpg
Tiek,,2012.0,nav zināms,1,239,https://www.ss.lv/msg/lv/transport/cars/volkswagen/caddy/ccncnc.html,https://i.ss.lv/gallery/7/1315/328689/65737665.th2.jpg
Pārdodu,,2001.0,nav zināms,1,312,https://www.ss.lv/msg/lv/transport/cars/volkswagen/golf-4/behibp.html,https://i.ss.lv/gallery/7/1317/329158/65831502.th2.jpg
Pārdodu,,2011.0,nav zināms,2,308,https://www.ss.lv/msg/lv/transport/cars/renault/grandespace/mjolm.html,https://i.ss.lv/gallery/7/1304/325783/65156595.th2.jpg
Ļoti,,2008.0,nav zināms,3,,https://www.ss.lv/msg/lv/transport/cars/bmw/330/bgncib.html,https://i.ss.lv/gallery/7/1325/331211/66242022.th2.jpg
Audi,,2009.0,nav zināms,3,,https://www.ss.lv/msg/lv/transport/cars/audi/q5/cdfxmk.html,https://i.ss.lv/gallery/7/1316/328864/65772647.th2.jpg
Pārdod,,2012.0,nav zināms,2,498,https://www.ss.lv/msg/lv/transport/cars/mercedes/sprinter/bhjpkf.html,https://i.ss.lv/gallery/7/1325/331208/66241536.th2.jpg
Fiat,,2005.0,nav zināms,1,182,https://www.ss.lv/msg/lv/transport/cars/fiat/punto/inhdp.html,https://i.ss.lv/gallery/7/1326/331253/66250457.th2.jpg
Golf,,2000.0,nav zināms,1,381,https://www.ss.lv/msg/lv/transport/cars/volkswagen/golf-4/bxgxbk.html,https://i.ss.lv/gallery/7/1325/331221/66244070.th2.jpg
Audi,,2012.0,nav zināms,1,242,https://www.ss.lv/msg/lv/transport/cars/audi/a3/bxmbie.html,https://i.ss.lv/gallery/6/1154/288363/57672470.th2.jpg
TĀ,,2001.0,nav zināms,2,392,https://www.ss.lv/msg/lv/transport/cars/bmw/525/dpeni.html,https://i.ss.lv/gallery/7/1326/331253/66250434.th2.jpg
Автомобиль,,2010.0,nav zināms,2,197,https://www.ss.lv/msg/lv/transport/cars/mercedes/vito/dhdho.html,https://i.ss.lv/gallery/7/1275/318555/63710835.th2.jpg
Nissan,,2023.0,nav zināms,1,62,https://www.ss.lv/msg/lv/transport/cars/nissan/juke/cxhilg.html,https://i.ss.lv/gallery/7/1297/324184/64836745.th2.jpg
Uz,,2008.0,nav zināms,3,,https://www.ss.lv/msg/lv/transport/cars/mercedes/viano/bdbnic.html,https://i.ss.lv/gallery/7/1326/331252/66250363.th2.jpg
Только,,2022.0,nav zināms,1,22,https://www.ss.lv/msg/lv/transport/cars/citroen/c3/bggfoc.html,https://i.ss.lv/gallery/7/1326/331251/66250022.th2.jpg
XClusive,,2009.0,nav zināms,3,287,https://www.ss.lv/msg/lv/transport/cars/mercedes/viano/bigxke.html,https://i.ss.lv/gallery/7/1299/324621/64924185.th2.jpg
VW,,2013.0,nav zināms,2,372,https://www.ss.lv/msg/lv/transport/cars/volkswagen/touran/bndfce.html,https://i.ss.lv/gallery/7/1326/331252/66250254.th2.jpg
Tikko,,2010.0,nav zināms,3,281,https://www.ss.lv/msg/lv/transport/cars/audi/a6/codho.html,https://i.ss.lv/gallery/7/1326/331252/66250287.th2.jpg
Volkswagen,,2017.0,nav zināms,2,183,https://www.ss.lv/msg/lv/transport/cars/volkswagen/jetta/bxoid.html,https://i.ss.lv/gallery/7/1206/301349/60269759.th2.jpg
Vinjete,,2004.0,nav zināms,1,315,https://www.ss.lv/msg/lv/transport/cars/renault/trafic/ceijmd.html,https://i.ss.lv/gallery/7/1326/331251/66250118.th2.jpg
1.6i,,2000.0,nav zināms,1,,https://www.ss.lv/msg/lv/transport/cars/volkswagen/new-beetle/applh.html,https://i.ss.lv/gallery/7/1319/329567/65913312.th2.jpg
Продаю,,2012.0,nav zināms,1,143,https://www.ss.lv/msg/lv/transport/cars/mercedes/c180/fkjgp.html,https://i.ss.lv/gallery/7/1305/326093/65218579.th2.jpg
Покупался,,2022.0,nav zināms,2,70,https://www.ss.lv/msg/lv/transport/cars/volvo/s90/odlek.html,https://i.ss.lv/gallery/7/1302/325400/65079803.th2.jpg
Продаётся,,2006.0,nav zināms,2,343,https://www.ss.lv/msg/lv/transport/cars/audi/a4/bdldko.html,https://i.ss.lv/gallery/7/1322/330299/66059778.th2.jpg
Pārdodu,,2016.0,nav zināms,1,235,https://www.ss.lv/msg/lv/transport/cars/renault/clio/bbmolm.html,https://i.ss.lv/gallery/7/1326/331251/66250061.th2.jpg
A4,,2007.0,nav zināms,2,583,https://www.ss.lv/msg/lv/transport/cars/audi/a4/bjkmil.html,https://i.ss.lv/gallery/7/1326/331251/66250083.th2.jpg
